"../../../Engine/Plugins/2D/Paper2D/Content/PlaceholderTextures/DummySpriteTexture.ubulk" 0
"../../../Engine/Plugins/2D/Paper2D/Content/PlaceholderTextures/DummySpriteTexture.uasset" 1
"../../../Engine/Plugins/2D/Paper2D/Content/PlaceholderTextures/DummySpriteTexture.uexp" 2
"../../../Engine/Plugins/2D/Paper2D/Content/DummySprite.uasset" 3
"../../../Engine/Plugins/2D/Paper2D/Content/DummySprite.uexp" 4
"../../../Engine/Plugins/2D/Paper2D/Content/DefaultPaperTerrainMaterial.uasset" 5
"../../../Engine/Plugins/2D/Paper2D/Content/DefaultPaperTerrainMaterial.uexp" 6
"../../../Engine/Plugins/Animation/ACLPlugin/Content/ACLAnimCurveCompressionSettings.uasset" 7
"../../../Engine/Plugins/Animation/ACLPlugin/Content/ACLAnimCurveCompressionSettings.uexp" 8
"../../../Engine/Plugins/Animation/ACLPlugin/Content/ACLAnimBoneCompressionSettings.uasset" 9
"../../../Engine/Plugins/Animation/ACLPlugin/Content/ACLAnimBoneCompressionSettings.uexp" 10
"../../../Engine/Content/Animation/DefaultVariableFrameStrippingSettings.uasset" 11
"../../../Engine/Content/Animation/DefaultVariableFrameStrippingSettings.uexp" 12
"../../../Engine/Content/Animation/DefaultRecorderBoneCompression.uasset" 13
"../../../Engine/Content/Animation/DefaultRecorderBoneCompression.uexp" 14
"../../../Engine/Content/EngineMaterials/DefaultPhysicalMaterial.uasset" 15
"../../../Engine/Content/EngineMaterials/DefaultPhysicalMaterial.uexp" 16
"../../../Engine/Content/EngineMaterials/DefaultDestructiblePhysicalMaterial.uasset" 17
"../../../Engine/Content/EngineMaterials/DefaultDestructiblePhysicalMaterial.uexp" 18
"../../../Engine/Content/EngineFonts/Faces/DroidSansFallback.uexp" 19
"../../../Engine/Content/EngineFonts/Faces/DroidSansFallback.uasset" 20
"../../../Engine/Content/EngineFonts/Faces/DroidSansFallback.ufont" 21
"../../../Engine/Content/EngineFonts/Faces/RobotoBold.uexp" 22
"../../../Engine/Content/EngineFonts/Faces/RobotoBold.uasset" 23
"../../../Engine/Content/EngineFonts/Faces/RobotoBold.ufont" 24
"../../../Engine/Content/EngineFonts/Faces/RobotoBoldItalic.uexp" 25
"../../../Engine/Content/EngineFonts/Faces/RobotoBoldItalic.uasset" 26
"../../../Engine/Content/EngineFonts/Faces/RobotoBoldItalic.ufont" 27
"../../../Engine/Content/EngineFonts/Faces/RobotoItalic.uexp" 28
"../../../Engine/Content/EngineFonts/Faces/RobotoItalic.uasset" 29
"../../../Engine/Content/EngineFonts/Faces/RobotoItalic.ufont" 30
"../../../Engine/Content/EngineFonts/Faces/RobotoLight.uexp" 31
"../../../Engine/Content/EngineFonts/Faces/RobotoLight.uasset" 32
"../../../Engine/Content/EngineFonts/Faces/RobotoLight.ufont" 33
"../../../Engine/Content/EngineFonts/Faces/RobotoRegular.uexp" 34
"../../../Engine/Content/EngineFonts/Faces/RobotoRegular.uasset" 35
"../../../Engine/Content/EngineFonts/Faces/RobotoRegular.ufont" 36
"../../../Engine/Content/EngineFonts/Roboto.uasset" 37
"../../../Engine/Content/EngineFonts/Roboto.uexp" 38
"../../../Engine/Content/EngineFonts/Faces/DroidSansMono.uexp" 39
"../../../Engine/Content/EngineFonts/Faces/DroidSansMono.uasset" 40
"../../../Engine/Content/EngineFonts/Faces/DroidSansMono.ufont" 41
"../../../Engine/Content/EngineFonts/DroidSansMono.uasset" 42
"../../../Engine/Content/EngineFonts/DroidSansMono.uexp" 43
"../../../Engine/Plugins/Interchange/Runtime/Content/Pipelines/DefaultTexturePipeline.uasset" 44
"../../../Engine/Plugins/Interchange/Runtime/Content/Pipelines/DefaultTexturePipeline.uexp" 45
"../../../Engine/Plugins/Interchange/Runtime/Content/Pipelines/DefaultSceneLevelPipeline.uasset" 46
"../../../Engine/Plugins/Interchange/Runtime/Content/Pipelines/DefaultSceneLevelPipeline.uexp" 47
"../../../Engine/Plugins/Interchange/Runtime/Content/Pipelines/DefaultSceneAssetsPipeline.uasset" 48
"../../../Engine/Plugins/Interchange/Runtime/Content/Pipelines/DefaultSceneAssetsPipeline.uexp" 49
"../../../Engine/Plugins/Interchange/Runtime/Content/Pipelines/DefaultMaterialXPipeline.uasset" 50
"../../../Engine/Plugins/Interchange/Runtime/Content/Pipelines/DefaultMaterialXPipeline.uexp" 51
"../../../Engine/Plugins/Interchange/Runtime/Content/Pipelines/DefaultMaterialPipeline.uasset" 52
"../../../Engine/Plugins/Interchange/Runtime/Content/Pipelines/DefaultMaterialPipeline.uexp" 53
"../../../Engine/Plugins/Interchange/Runtime/Content/Pipelines/DefaultGLTFSceneAssetsPipeline.uasset" 54
"../../../Engine/Plugins/Interchange/Runtime/Content/Pipelines/DefaultGLTFSceneAssetsPipeline.uexp" 55
"../../../Engine/Plugins/Interchange/Runtime/Content/Pipelines/DefaultGLTFPipeline.uasset" 56
"../../../Engine/Plugins/Interchange/Runtime/Content/Pipelines/DefaultGLTFPipeline.uexp" 57
"../../../Engine/Plugins/Interchange/Runtime/Content/Pipelines/DefaultGLTFAssetsPipeline.uasset" 58
"../../../Engine/Plugins/Interchange/Runtime/Content/Pipelines/DefaultGLTFAssetsPipeline.uexp" 59
"../../../Engine/Plugins/Interchange/Runtime/Content/Pipelines/DefaultAssetsPipeline.uasset" 60
"../../../Engine/Plugins/Interchange/Runtime/Content/Pipelines/DefaultAssetsPipeline.uexp" 61
"../../../Engine/Plugins/Animation/ControlRig/Content/Controls/DefaultGizmoLibraryNormalized.uasset" 62
"../../../Engine/Plugins/Animation/ControlRig/Content/Controls/DefaultGizmoLibraryNormalized.uexp" 63
"../../../Engine/Content/EngineSounds/Master.uasset" 64
"../../../Engine/Content/EngineSounds/Master.uexp" 65
"../../../Engine/Content/MobileResources/HUD/VirtualJoystick_Thumb.uasset" 66
"../../../Engine/Content/MobileResources/HUD/VirtualJoystick_Thumb.uexp" 67
"../../../Engine/Content/MobileResources/HUD/VirtualJoystick_Background.uasset" 68
"../../../Engine/Content/MobileResources/HUD/VirtualJoystick_Background.uexp" 69
"../../../Engine/Content/MobileResources/HUD/DefaultVirtualJoysticks.uasset" 70
"../../../Engine/Content/MobileResources/HUD/DefaultVirtualJoysticks.uexp" 71
"../../../Engine/Content/EngineResources/GradientTexture0.uasset" 72
"../../../Engine/Content/EngineResources/GradientTexture0.uexp" 73
"../../../Engine/Content/EngineResources/Black.uasset" 74
"../../../Engine/Content/EngineResources/Black.uexp" 75
"../../../Engine/Content/EditorResources/S_Actor.ubulk" 76
"../../../Engine/Content/EditorResources/S_Actor.uasset" 77
"../../../Engine/Content/EditorResources/S_Actor.uexp" 78
"../../../Engine/Content/EditorResources/S_Trigger.ubulk" 79
"../../../Engine/Content/EditorResources/S_Trigger.uasset" 80
"../../../Engine/Content/EditorResources/S_Trigger.uexp" 81
"../../../Engine/Content/EditorResources/S_BoxReflectionCapture.uasset" 82
"../../../Engine/Content/EditorResources/S_BoxReflectionCapture.uexp" 83
"../../../Engine/Content/EngineResources/DefaultTexture.ubulk" 84
"../../../Engine/Content/EngineResources/DefaultTexture.uasset" 85
"../../../Engine/Content/EngineResources/DefaultTexture.uexp" 86
"../../../Engine/Content/EditorResources/S_TriggerBox.uasset" 87
"../../../Engine/Content/EditorResources/S_TriggerBox.uexp" 88
"../../../Engine/Content/EditorResources/S_TriggerCapsule.uasset" 89
"../../../Engine/Content/EditorResources/S_TriggerCapsule.uexp" 90
"../../../Engine/Content/EditorResources/S_TriggerSphere.uasset" 91
"../../../Engine/Content/EditorResources/S_TriggerSphere.uexp" 92
"../../../Engine/Plugins/NNE/NNEDenoiser/Content/NNEDTOM_Output_Default.uasset" 93
"../../../Engine/Plugins/NNE/NNEDenoiser/Content/NNEDTOM_Output_Default.uexp" 94
"../../../Engine/Plugins/NNE/NNEDenoiser/Content/NNEDTOM_Output_Alpha.uasset" 95
"../../../Engine/Plugins/NNE/NNEDenoiser/Content/NNEDTOM_Output_Alpha.uexp" 96
"../../../Engine/Plugins/NNE/NNEDenoiser/Content/NNEDTIM_ColorAlbedoNormal_Default.uasset" 97
"../../../Engine/Plugins/NNE/NNEDenoiser/Content/NNEDTIM_ColorAlbedoNormal_Default.uexp" 98
"../../../Engine/Plugins/NNE/NNEDenoiser/Content/NNEDTIM_ColorAlbedoNormal_Alpha.uasset" 99
"../../../Engine/Plugins/NNE/NNEDenoiser/Content/NNEDTIM_ColorAlbedoNormal_Alpha.uexp" 100
"../../../Engine/Plugins/NNE/NNEDenoiser/Content/NNEDOM_Output_Default.uasset" 101
"../../../Engine/Plugins/NNE/NNEDenoiser/Content/NNEDOM_Output_Default.uexp" 102
"../../../Engine/Plugins/NNE/NNEDenoiser/Content/NNEDOM_Output_Alpha.uasset" 103
"../../../Engine/Plugins/NNE/NNEDenoiser/Content/NNEDOM_Output_Alpha.uexp" 104
"../../../Engine/Plugins/NNE/NNEDenoiser/Content/NNEDIM_HighQuality_Default.uasset" 105
"../../../Engine/Plugins/NNE/NNEDenoiser/Content/NNEDIM_HighQuality_Default.uexp" 106
"../../../Engine/Plugins/NNE/NNEDenoiser/Content/NNEDIM_HighQuality_Alpha.uasset" 107
"../../../Engine/Plugins/NNE/NNEDenoiser/Content/NNEDIM_HighQuality_Alpha.uexp" 108
"../../../Engine/Plugins/NNE/NNEDenoiser/Content/NNEDIM_ColorAlbedoNormal_Default.uasset" 109
"../../../Engine/Plugins/NNE/NNEDenoiser/Content/NNEDIM_ColorAlbedoNormal_Default.uexp" 110
"../../../Engine/Plugins/NNE/NNEDenoiser/Content/NNEDIM_ColorAlbedoNormal_Alpha.uasset" 111
"../../../Engine/Plugins/NNE/NNEDenoiser/Content/NNEDIM_ColorAlbedoNormal_Alpha.uexp" 112
"../../../Engine/Content/EngineMaterials/T_Default_Material_Grid_M.ubulk" 113
"../../../Engine/Content/EngineMaterials/T_Default_Material_Grid_M.uasset" 114
"../../../Engine/Content/EngineMaterials/T_Default_Material_Grid_M.uexp" 115
"../../../Engine/Content/Functions/Engine_MaterialFunctions01/Opacity/CameraDepthFade.uasset" 116
"../../../Engine/Content/Functions/Engine_MaterialFunctions01/Opacity/CameraDepthFade.uexp" 117
"../../../Engine/Content/EngineMaterials/T_Default_Material_Grid_N.ubulk" 118
"../../../Engine/Content/EngineMaterials/T_Default_Material_Grid_N.uasset" 119
"../../../Engine/Content/EngineMaterials/T_Default_Material_Grid_N.uexp" 120
"../../../Engine/Content/EngineMaterials/WorldGridMaterial.uasset" 121
"../../../Engine/Content/EngineMaterials/WorldGridMaterial.uexp" 122
"../../../Engine/Plugins/Media/MediaPlate/Content/SM_MediaPlateScreen.ubulk" 123
"../../../Engine/Plugins/Media/MediaPlate/Content/SM_MediaPlateScreen.uasset" 124
"../../../Engine/Plugins/Media/MediaPlate/Content/SM_MediaPlateScreen.uexp" 125
"../../../Engine/Content/Functions/Engine_MaterialFunctions02/WorldPositionOffset/CameraOffset.uasset" 126
"../../../Engine/Content/Functions/Engine_MaterialFunctions02/WorldPositionOffset/CameraOffset.uexp" 127
"../../../Engine/Plugins/Animation/ControlRig/Content/M_Manip.uasset" 128
"../../../Engine/Plugins/Animation/ControlRig/Content/M_Manip.uexp" 129
"../../../Engine/Content/BasicShapes/Plane.ubulk" 130
"../../../Engine/Content/BasicShapes/Plane.uasset" 131
"../../../Engine/Content/BasicShapes/Plane.uexp" 132
"../../../Engine/Content/EngineMeshes/Sphere.ubulk" 133
"../../../Engine/Content/EngineMeshes/Sphere.uasset" 134
"../../../Engine/Content/EngineMeshes/Sphere.uexp" 135
"../../../Engine/Content/EngineMaterials/WeightMapPlaceholderTexture.uasset" 136
"../../../Engine/Content/EngineMaterials/WeightMapPlaceholderTexture.uexp" 137
"../../../Engine/Content/EngineMaterials/WeightMapArrayPlaceholderTexture.uasset" 138
"../../../Engine/Content/EngineMaterials/WeightMapArrayPlaceholderTexture.uexp" 139
"../../../Engine/Content/EngineMaterials/RemoveSurfaceMaterial.uasset" 140
"../../../Engine/Content/EngineMaterials/RemoveSurfaceMaterial.uexp" 141
"../../../Engine/Content/EngineMaterials/PreintegratedSkinBRDF.uasset" 142
"../../../Engine/Content/EngineMaterials/PreintegratedSkinBRDF.uexp" 143
"../../../Engine/Content/EngineMaterials/DefaultCalibrationGrayscale.uasset" 144
"../../../Engine/Content/EngineMaterials/DefaultCalibrationGrayscale.uexp" 145
"../../../Engine/Content/EngineMaterials/PPM_DefaultCalibrationGrayscale.uasset" 146
"../../../Engine/Content/EngineMaterials/PPM_DefaultCalibrationGrayscale.uexp" 147
"../../../Engine/Content/EngineMaterials/DefaultCalibrationColor.uasset" 148
"../../../Engine/Content/EngineMaterials/DefaultCalibrationColor.uexp" 149
"../../../Engine/Content/EngineMaterials/PPM_DefaultCalibrationColor.uasset" 150
"../../../Engine/Content/EngineMaterials/PPM_DefaultCalibrationColor.uexp" 151
"../../../Engine/Content/EngineMaterials/PhAT_JointLimitMaterial.uasset" 152
"../../../Engine/Content/EngineMaterials/PhAT_JointLimitMaterial.uexp" 153
"../../../Engine/Content/EngineMaterials/NaniteHiddenSectionMaterial.uasset" 154
"../../../Engine/Content/EngineMaterials/NaniteHiddenSectionMaterial.uexp" 155
"../../../Engine/Content/EngineMaterials/InvalidLightmapSettings.ubulk" 156
"../../../Engine/Content/EngineMaterials/InvalidLightmapSettings.uasset" 157
"../../../Engine/Content/EngineMaterials/InvalidLightmapSettings.uexp" 158
"../../../Engine/Content/EngineMaterials/M_InvalidLightmapSettings.uasset" 159
"../../../Engine/Content/EngineMaterials/M_InvalidLightmapSettings.uexp" 160
"../../../Engine/Content/EngineMaterials/MiniFont.uasset" 161
"../../../Engine/Content/EngineMaterials/MiniFont.uexp" 162
"../../../Engine/Content/EngineMaterials/GizmoMaterial.uasset" 163
"../../../Engine/Content/EngineMaterials/GizmoMaterial.uexp" 164
"../../../Engine/Content/EngineMaterials/Black_1x1_EXR_Texture_VT.ubulk" 165
"../../../Engine/Content/EngineMaterials/Black_1x1_EXR_Texture_VT.uasset" 166
"../../../Engine/Content/EngineMaterials/Black_1x1_EXR_Texture_VT.uexp" 167
"../../../Engine/Content/EngineMaterials/BaseFlattenNormalMap_VT.ubulk" 168
"../../../Engine/Content/EngineMaterials/BaseFlattenNormalMap_VT.uasset" 169
"../../../Engine/Content/EngineMaterials/BaseFlattenNormalMap_VT.uexp" 170
"../../../Engine/Content/EngineMaterials/BaseFlattenLinearColor_VT.ubulk" 171
"../../../Engine/Content/EngineMaterials/BaseFlattenLinearColor_VT.uasset" 172
"../../../Engine/Content/EngineMaterials/BaseFlattenLinearColor_VT.uexp" 173
"../../../Engine/Content/EngineMaterials/BaseFlattenGrayscaleMap_VT.ubulk" 174
"../../../Engine/Content/EngineMaterials/BaseFlattenGrayscaleMap_VT.uasset" 175
"../../../Engine/Content/EngineMaterials/BaseFlattenGrayscaleMap_VT.uexp" 176
"../../../Engine/Content/EngineMaterials/BaseFlattenEmissiveMap_VT.ubulk" 177
"../../../Engine/Content/EngineMaterials/BaseFlattenEmissiveMap_VT.uasset" 178
"../../../Engine/Content/EngineMaterials/BaseFlattenEmissiveMap_VT.uexp" 179
"../../../Engine/Content/EngineMaterials/BaseFlattenDiffuseMap_VT.ubulk" 180
"../../../Engine/Content/EngineMaterials/BaseFlattenDiffuseMap_VT.uasset" 181
"../../../Engine/Content/EngineMaterials/BaseFlattenDiffuseMap_VT.uexp" 182
"../../../Engine/Content/EngineMaterials/FlattenMaterial_WS_Normal_VT.uasset" 183
"../../../Engine/Content/EngineMaterials/FlattenMaterial_WS_Normal_VT.uexp" 184
"../../../Engine/Content/EngineMaterials/FlattenMaterial_VT.uasset" 185
"../../../Engine/Content/EngineMaterials/FlattenMaterial_VT.uexp" 186
"../../../Engine/Content/EngineMaterials/BaseFlattenLinearColor.uasset" 187
"../../../Engine/Content/EngineMaterials/BaseFlattenLinearColor.uexp" 188
"../../../Engine/Content/EngineMaterials/BaseFlattenNormalMap.uasset" 189
"../../../Engine/Content/EngineMaterials/BaseFlattenNormalMap.uexp" 190
"../../../Engine/Content/EngineMaterials/BaseFlattenGrayscaleMap.uasset" 191
"../../../Engine/Content/EngineMaterials/BaseFlattenGrayscaleMap.uexp" 192
"../../../Engine/Content/EngineMaterials/BaseFlattenEmissiveMap.uasset" 193
"../../../Engine/Content/EngineMaterials/BaseFlattenEmissiveMap.uexp" 194
"../../../Engine/Content/EngineMaterials/BaseFlattenDiffuseMap.uasset" 195
"../../../Engine/Content/EngineMaterials/BaseFlattenDiffuseMap.uexp" 196
"../../../Engine/Content/Functions/Engine_MaterialFunctions02/PivotPainter2/Black_1x1_EXR_Texture.uasset" 197
"../../../Engine/Content/Functions/Engine_MaterialFunctions02/PivotPainter2/Black_1x1_EXR_Texture.uexp" 198
"../../../Engine/Content/EngineMaterials/FlattenMaterial.uasset" 199
"../../../Engine/Content/EngineMaterials/FlattenMaterial.uexp" 200
"../../../Engine/Content/EngineMaterials/FastBlueNoise_vec2_128x128x64.uasset" 201
"../../../Engine/Content/EngineMaterials/FastBlueNoise_vec2_128x128x64.uexp" 202
"../../../Engine/Content/EngineMaterials/FastBlueNoise_scalar_128x128x8.uasset" 203
"../../../Engine/Content/EngineMaterials/FastBlueNoise_scalar_128x128x8.uexp" 204
"../../../Engine/Content/EngineMaterials/FastBlueNoise_scalar_128x128x64.uasset" 205
"../../../Engine/Content/EngineMaterials/FastBlueNoise_scalar_128x128x64.uexp" 206
"../../../Engine/Content/EngineMaterials/DefaultWhiteGrid_Low.uasset" 207
"../../../Engine/Content/EngineMaterials/DefaultWhiteGrid_Low.uexp" 208
"../../../Engine/Content/EngineMaterials/EmissiveMeshMaterial.uasset" 209
"../../../Engine/Content/EngineMaterials/EmissiveMeshMaterial.uexp" 210
"../../../Engine/Content/EngineMaterials/DefaultWhiteGrid.ubulk" 211
"../../../Engine/Content/EngineMaterials/DefaultWhiteGrid.uasset" 212
"../../../Engine/Content/EngineMaterials/DefaultWhiteGrid.uexp" 213
"../../../Engine/Content/EngineFonts/RobotoDistanceField.uasset" 214
"../../../Engine/Content/EngineFonts/RobotoDistanceField.uexp" 215
"../../../Engine/Content/EngineMaterials/DefaultTextMaterialOpaque.uasset" 216
"../../../Engine/Content/EngineMaterials/DefaultTextMaterialOpaque.uexp" 217
"../../../Engine/Content/Functions/Engine_MaterialFunctions02/Utility/BreakOutFloat2Components.uasset" 218
"../../../Engine/Content/Functions/Engine_MaterialFunctions02/Utility/BreakOutFloat2Components.uexp" 219
"../../../Engine/Content/EngineMaterials/DefaultDiffuse.ubulk" 220
"../../../Engine/Content/EngineMaterials/DefaultDiffuse.uasset" 221
"../../../Engine/Content/EngineMaterials/DefaultDiffuse.uexp" 222
"../../../Engine/Content/EngineMaterials/DefaultPostProcessMaterial.uasset" 223
"../../../Engine/Content/EngineMaterials/DefaultPostProcessMaterial.uexp" 224
"../../../Engine/Content/EngineMaterials/DefaultLightFunctionMaterial.uasset" 225
"../../../Engine/Content/EngineMaterials/DefaultLightFunctionMaterial.uexp" 226
"../../../Engine/Content/EngineMaterials/DefaultDeferredDecalMaterial.uasset" 227
"../../../Engine/Content/EngineMaterials/DefaultDeferredDecalMaterial.uexp" 228
"../../../Engine/Content/EngineMaterials/DefaultBokeh.uasset" 229
"../../../Engine/Content/EngineMaterials/DefaultBokeh.uexp" 230
"../../../Engine/Content/EngineMaterials/DefaultBloomKernel.uasset" 231
"../../../Engine/Content/EngineMaterials/DefaultBloomKernel.uexp" 232
"../../../Engine/Content/Functions/Engine_MaterialFunctions02/Utility/CameraDirectionVector.uasset" 233
"../../../Engine/Content/Functions/Engine_MaterialFunctions02/Utility/CameraDirectionVector.uexp" 234
"../../../Engine/Content/EngineDebugMaterials/VolumeToRender.uasset" 235
"../../../Engine/Content/EngineDebugMaterials/VolumeToRender.uexp" 236
"../../../Engine/Content/EngineDebugMaterials/M_VolumeRenderSphereTracePP.uasset" 237
"../../../Engine/Content/EngineDebugMaterials/M_VolumeRenderSphereTracePP.uexp" 238
"../../../Engine/Content/EngineDebugMaterials/M_SimpleUnlitTranslucent.uasset" 239
"../../../Engine/Content/EngineDebugMaterials/M_SimpleUnlitTranslucent.uexp" 240
"../../../Engine/Content/EngineDebugMaterials/DebugMeshMaterial.uasset" 241
"../../../Engine/Content/EngineDebugMaterials/DebugMeshMaterial.uexp" 242
"../../../Engine/Content/EngineDebugMaterials/DebugEditorMaterial.uasset" 243
"../../../Engine/Content/EngineDebugMaterials/DebugEditorMaterial.uexp" 244
"../../../Engine/Content/EngineDamageTypes/DmgTypeBP_Environmental.uasset" 245
"../../../Engine/Content/EngineDamageTypes/DmgTypeBP_Environmental.uexp" 246
"../../../Engine/Content/EditorResources/S_Terrain.ubulk" 247
"../../../Engine/Content/EditorResources/S_Terrain.uasset" 248
"../../../Engine/Content/EditorResources/S_Terrain.uexp" 249
"../../../Engine/Content/EditorResources/S_Solver.ubulk" 250
"../../../Engine/Content/EditorResources/S_Solver.uasset" 251
"../../../Engine/Content/EditorResources/S_Solver.uexp" 252
"../../../Engine/Content/EditorResources/BSPVertex.uasset" 253
"../../../Engine/Content/EditorResources/BSPVertex.uexp" 254
"../../../Engine/Content/EditorMaterials/PreviewShadowIndicator.ubulk" 255
"../../../Engine/Content/EditorMaterials/PreviewShadowIndicator.uasset" 256
"../../../Engine/Content/EditorMaterials/PreviewShadowIndicator.uexp" 257
"../../../Engine/Content/EditorMaterials/PreviewShadowIndicatorMaterial.uasset" 258
"../../../Engine/Content/EditorMaterials/PreviewShadowIndicatorMaterial.uexp" 259
"../../../Engine/Content/EditorMaterials/PhAT_UnselectedMaterial.uasset" 260
"../../../Engine/Content/EditorMaterials/PhAT_UnselectedMaterial.uexp" 261
"../../../Engine/Content/EditorMaterials/PhAT_NoCollisionMaterial.uasset" 262
"../../../Engine/Content/EditorMaterials/PhAT_NoCollisionMaterial.uexp" 263
"../../../Engine/Content/EditorLandscapeResources/SplineEditorMeshMat.uasset" 264
"../../../Engine/Content/EditorLandscapeResources/SplineEditorMeshMat.uexp" 265
"../../../Engine/Content/EditorLandscapeResources/SplineEditorMesh.ubulk" 266
"../../../Engine/Content/EditorLandscapeResources/SplineEditorMesh.uasset" 267
"../../../Engine/Content/EditorLandscapeResources/SplineEditorMesh.uexp" 268
"../../../Engine/Content/EditorLandscapeResources/WhiteSquareTexture.uasset" 269
"../../../Engine/Content/EditorLandscapeResources/WhiteSquareTexture.uexp" 270
"../../../Engine/Content/EditorLandscapeResources/LayerVisMaterial.uasset" 271
"../../../Engine/Content/EditorLandscapeResources/LayerVisMaterial.uexp" 272
"../../../Engine/Content/Functions/Engine_MaterialFunctions01/Texturing/ScaleUVsByCenter.uasset" 273
"../../../Engine/Content/Functions/Engine_MaterialFunctions01/Texturing/ScaleUVsByCenter.uexp" 274
"../../../Engine/Content/Functions/Engine_MaterialFunctions02/WorldPositionOffset/LocalPosition.uasset" 275
"../../../Engine/Content/Functions/Engine_MaterialFunctions02/WorldPositionOffset/LocalPosition.uexp" 276
"../../../Engine/Content/Functions/Engine_MaterialFunctions01/Texturing/TextureCropping.uasset" 277
"../../../Engine/Content/Functions/Engine_MaterialFunctions01/Texturing/TextureCropping.uexp" 278
"../../../Engine/Content/Functions/Engine_MaterialFunctions02/ExampleContent/DebugNumberStrip.uasset" 279
"../../../Engine/Content/Functions/Engine_MaterialFunctions02/ExampleContent/DebugNumberStrip.uexp" 280
"../../../Engine/Content/Functions/Engine_MaterialFunctions01/Debug/DebugIntValues.uasset" 281
"../../../Engine/Content/Functions/Engine_MaterialFunctions01/Debug/DebugIntValues.uexp" 282
"../../../Engine/Content/EditorLandscapeResources/LandscapeLayerUsageMaterial.uasset" 283
"../../../Engine/Content/EditorLandscapeResources/LandscapeLayerUsageMaterial.uexp" 284
"../../../Engine/Content/EditorLandscapeResources/DefaultAlphaTexture.uasset" 285
"../../../Engine/Content/EditorLandscapeResources/DefaultAlphaTexture.uexp" 286
"../../../Engine/Content/EditorLandscapeResources/LandscapeDirtyMaterial.uasset" 287
"../../../Engine/Content/EditorLandscapeResources/LandscapeDirtyMaterial.uexp" 288
"../../../Engine/Plugins/VirtualProduction/CameraCalibrationCore/Content/Materials/M_DefaultOddSquare.uasset" 289
"../../../Engine/Plugins/VirtualProduction/CameraCalibrationCore/Content/Materials/M_DefaultOddSquare.uexp" 290
"../../../Engine/Plugins/VirtualProduction/CameraCalibrationCore/Content/Materials/M_DefaultEvenSquare.uasset" 291
"../../../Engine/Plugins/VirtualProduction/CameraCalibrationCore/Content/Materials/M_DefaultEvenSquare.uexp" 292
"../../../Engine/Plugins/Runtime/HairStrands/Content/Materials/HairMeshesDefaultMaterial.uasset" 293
"../../../Engine/Plugins/Runtime/HairStrands/Content/Materials/HairMeshesDefaultMaterial.uexp" 294
"../../../Engine/Plugins/Runtime/HairStrands/Content/Materials/HairDefaultMaterial.uasset" 295
"../../../Engine/Plugins/Runtime/HairStrands/Content/Materials/HairDefaultMaterial.uexp" 296
"../../../Engine/Content/Functions/Engine_MaterialFunctions02/Utility/MakeFloat2.uasset" 297
"../../../Engine/Content/Functions/Engine_MaterialFunctions02/Utility/MakeFloat2.uexp" 298
"../../../Engine/Content/Functions/Engine_MaterialFunctions02/Utility/MakeFloat3.uasset" 299
"../../../Engine/Content/Functions/Engine_MaterialFunctions02/Utility/MakeFloat3.uexp" 300
"../../../Engine/Content/EngineMaterials/HairDebugColor.uasset" 301
"../../../Engine/Content/EngineMaterials/HairDebugColor.uexp" 302
"../../../Engine/Content/EngineMaterials/HairColorMap.uasset" 303
"../../../Engine/Content/EngineMaterials/HairColorMap.uexp" 304
"../../../Engine/Plugins/Runtime/HairStrands/Content/Materials/HairGroupColors.uasset" 305
"../../../Engine/Plugins/Runtime/HairStrands/Content/Materials/HairGroupColors.uexp" 306
"../../../Engine/Plugins/Runtime/HairStrands/Content/Materials/HairDebugMaterial.uasset" 307
"../../../Engine/Plugins/Runtime/HairStrands/Content/Materials/HairDebugMaterial.uexp" 308
"../../../Engine/Plugins/Runtime/HairStrands/Content/Materials/HairCardsDefaultMaterial.uasset" 309
"../../../Engine/Plugins/Runtime/HairStrands/Content/Materials/HairCardsDefaultMaterial.uexp" 310
"../../../Engine/Plugins/Runtime/AudioWidgets/Content/Resources/ScrubHandleDown_Clamped.uasset" 311
"../../../Engine/Plugins/Runtime/AudioWidgets/Content/Resources/ScrubHandleDown_Clamped.uexp" 312
"../../../Engine/Plugins/Interchange/Assets/Content/Functions/MX_UsdPreviewSurface.uasset" 313
"../../../Engine/Plugins/Interchange/Assets/Content/Functions/MX_UsdPreviewSurface.uexp" 314
"../../../Engine/Plugins/Interchange/Assets/Content/Functions/MX_UniformEDF.uasset" 315
"../../../Engine/Plugins/Interchange/Assets/Content/Functions/MX_UniformEDF.uexp" 316
"../../../Engine/Plugins/Interchange/Assets/Content/Functions/MX_TranslucentBSDF.uasset" 317
"../../../Engine/Plugins/Interchange/Assets/Content/Functions/MX_TranslucentBSDF.uexp" 318
"../../../Engine/Plugins/Interchange/Assets/Content/Functions/MX_ThinFilmBSDF.uasset" 319
"../../../Engine/Plugins/Interchange/Assets/Content/Functions/MX_ThinFilmBSDF.uexp" 320
"../../../Engine/Plugins/Interchange/Assets/Content/Functions/MX_SurfaceUnlit.uasset" 321
"../../../Engine/Plugins/Interchange/Assets/Content/Functions/MX_SurfaceUnlit.uexp" 322
"../../../Engine/Plugins/Interchange/Assets/Content/Functions/MX_Surface.uasset" 323
"../../../Engine/Plugins/Interchange/Assets/Content/Functions/MX_Surface.uexp" 324
"../../../Engine/Plugins/Interchange/Assets/Content/Functions/MX_SubsurfaceBSDF.uasset" 325
"../../../Engine/Plugins/Interchange/Assets/Content/Functions/MX_SubsurfaceBSDF.uexp" 326
"../../../Engine/Plugins/Interchange/Assets/Content/Functions/MX_SheenBSDF.uasset" 327
"../../../Engine/Plugins/Interchange/Assets/Content/Functions/MX_SheenBSDF.uexp" 328
"../../../Engine/Plugins/Interchange/Assets/Content/Functions/MX_OrenNayarBSDF.uasset" 329
"../../../Engine/Plugins/Interchange/Assets/Content/Functions/MX_OrenNayarBSDF.uexp" 330
"../../../Engine/Plugins/Interchange/Assets/Content/Functions/MF_IridescenceNoLUT.uasset" 331
"../../../Engine/Plugins/Interchange/Assets/Content/Functions/MF_IridescenceNoLUT.uexp" 332
"../../../Engine/Plugins/Interchange/Assets/Content/Functions/MX_StandardSurface.uasset" 333
"../../../Engine/Plugins/Interchange/Assets/Content/Functions/MX_StandardSurface.uexp" 334
"../../../Engine/Plugins/Interchange/Assets/Content/Functions/MX_TransmissionSurface.uasset" 335
"../../../Engine/Plugins/Interchange/Assets/Content/Functions/MX_TransmissionSurface.uexp" 336
"../../../Engine/Plugins/Interchange/Assets/Content/Functions/MX_OpenPBR_Translucent.uasset" 337
"../../../Engine/Plugins/Interchange/Assets/Content/Functions/MX_OpenPBR_Translucent.uexp" 338
"../../../Engine/Plugins/Interchange/Assets/Content/Functions/MX_OpenPBR_Opaque.uasset" 339
"../../../Engine/Plugins/Interchange/Assets/Content/Functions/MX_OpenPBR_Opaque.uexp" 340
"../../../Engine/Plugins/Interchange/Assets/Content/Functions/MX_MeasuredEDF.uasset" 341
"../../../Engine/Plugins/Interchange/Assets/Content/Functions/MX_MeasuredEDF.uexp" 342
"../../../Engine/Plugins/Interchange/Assets/Content/Functions/MX_GeneralizedSchlickBSDF.uasset" 343
"../../../Engine/Plugins/Interchange/Assets/Content/Functions/MX_GeneralizedSchlickBSDF.uexp" 344
"../../../Engine/Plugins/Interchange/Assets/Content/Functions/MX_Displacement.uasset" 345
"../../../Engine/Plugins/Interchange/Assets/Content/Functions/MX_Displacement.uexp" 346
"../../../Engine/Plugins/Interchange/Assets/Content/Functions/MX_DielectricBSDF.uasset" 347
"../../../Engine/Plugins/Interchange/Assets/Content/Functions/MX_DielectricBSDF.uexp" 348
"../../../Engine/Plugins/Interchange/Assets/Content/Functions/MX_ConicalEDF.uasset" 349
"../../../Engine/Plugins/Interchange/Assets/Content/Functions/MX_ConicalEDF.uexp" 350
"../../../Engine/Plugins/Interchange/Assets/Content/Functions/MX_ConductorBSDF.uasset" 351
"../../../Engine/Plugins/Interchange/Assets/Content/Functions/MX_ConductorBSDF.uexp" 352
"../../../Engine/Plugins/Interchange/Assets/Content/Functions/MX_BurleyDiffuseBSDF.uasset" 353
"../../../Engine/Plugins/Interchange/Assets/Content/Functions/MX_BurleyDiffuseBSDF.uexp" 354
"../../../Engine/Plugins/Interchange/Assets/Content/Functions/MX_AnisotropicVDF.uasset" 355
"../../../Engine/Plugins/Interchange/Assets/Content/Functions/MX_AnisotropicVDF.uexp" 356
"../../../Engine/Plugins/Interchange/Assets/Content/Functions/MX_AbsorptionVDF.uasset" 357
"../../../Engine/Plugins/Interchange/Assets/Content/Functions/MX_AbsorptionVDF.uexp" 358
"../../../Engine/Content/Functions/Engine_MaterialFunctions02/Utility/VectorLength.uasset" 359
"../../../Engine/Content/Functions/Engine_MaterialFunctions02/Utility/VectorLength.uexp" 360
"../../../Engine/Content/Functions/Engine_MaterialFunctions02/Utility/BreakOutFloat3Components.uasset" 361
"../../../Engine/Content/Functions/Engine_MaterialFunctions02/Utility/BreakOutFloat3Components.uexp" 362
"../../../Engine/Content/Functions/Engine_MaterialFunctions02/WorldPositionOffset/ObjectScale.uasset" 363
"../../../Engine/Content/Functions/Engine_MaterialFunctions02/WorldPositionOffset/ObjectScale.uexp" 364
"../../../Engine/Content/Functions/Engine_MaterialFunctions02/SafeNormalize.uasset" 365
"../../../Engine/Content/Functions/Engine_MaterialFunctions02/SafeNormalize.uexp" 366
"../../../Engine/Plugins/Editor/SpeedTreeImporter/Content/SpeedTree9/UnpackInteger3.uasset" 367
"../../../Engine/Plugins/Editor/SpeedTreeImporter/Content/SpeedTree9/UnpackInteger3.uexp" 368
"../../../Engine/Plugins/Editor/SpeedTreeImporter/Content/SpeedTree9/UnpackDirection.uasset" 369
"../../../Engine/Plugins/Editor/SpeedTreeImporter/Content/SpeedTree9/UnpackDirection.uexp" 370
"../../../Engine/Plugins/Editor/SpeedTreeImporter/Content/SpeedTree9/game_wind_noise.ubulk" 371
"../../../Engine/Plugins/Editor/SpeedTreeImporter/Content/SpeedTree9/game_wind_noise.uasset" 372
"../../../Engine/Plugins/Editor/SpeedTreeImporter/Content/SpeedTree9/game_wind_noise.uexp" 373
"../../../Engine/Plugins/Editor/SpeedTreeImporter/Content/SpeedTree9/SpeedTreeWindMotion.uasset" 374
"../../../Engine/Plugins/Editor/SpeedTreeImporter/Content/SpeedTree9/SpeedTreeWindMotion.uexp" 375
"../../../Engine/Plugins/Editor/SpeedTreeImporter/Content/SpeedTree9/SpeedTreeBranchMotion.uasset" 376
"../../../Engine/Plugins/Editor/SpeedTreeImporter/Content/SpeedTree9/SpeedTreeBranchMotion.uexp" 377
"../../../Engine/Content/Functions/Engine_MaterialFunctions02/ObjectLocalBounds.uasset" 378
"../../../Engine/Content/Functions/Engine_MaterialFunctions02/ObjectLocalBounds.uexp" 379
"../../../Engine/Content/Functions/Engine_MaterialFunctions02/UVs/BoundingBoxBased_0-1_UVW.uasset" 380
"../../../Engine/Content/Functions/Engine_MaterialFunctions02/UVs/BoundingBoxBased_0-1_UVW.uexp" 381
"../../../Engine/Plugins/Editor/SpeedTreeImporter/Content/SpeedTree9/SpeedTreeWind.uasset" 382
"../../../Engine/Plugins/Editor/SpeedTreeImporter/Content/SpeedTree9/SpeedTreeWind.uexp" 383
"../../../Engine/Plugins/Editor/SpeedTreeImporter/Content/SpeedTree9/SpeedTreeCameraFacing.uasset" 384
"../../../Engine/Plugins/Editor/SpeedTreeImporter/Content/SpeedTree9/SpeedTreeCameraFacing.uexp" 385
"../../../Engine/Plugins/Editor/SpeedTreeImporter/Content/SpeedTree9/EmptyNormal.uasset" 386
"../../../Engine/Plugins/Editor/SpeedTreeImporter/Content/SpeedTree9/EmptyNormal.uexp" 387
"../../../Engine/Plugins/Editor/SpeedTreeImporter/Content/SpeedTree9/Empty.uasset" 388
"../../../Engine/Plugins/Editor/SpeedTreeImporter/Content/SpeedTree9/Empty.uexp" 389
"../../../Engine/Plugins/Editor/SpeedTreeImporter/Content/SpeedTree9/SpeedTreeMaster.uasset" 390
"../../../Engine/Plugins/Editor/SpeedTreeImporter/Content/SpeedTree9/SpeedTreeMaster.uexp" 391
"../../../Engine/Plugins/Editor/SpeedTreeImporter/Content/SpeedTree9/SpeedTreeBillboard.uasset" 392
"../../../Engine/Plugins/Editor/SpeedTreeImporter/Content/SpeedTree9/SpeedTreeBillboard.uexp" 393
"../../../Engine/Plugins/Editor/SpeedTreeImporter/Content/SpeedTree9/SpeedTreeBillboardMaster.uasset" 394
"../../../Engine/Plugins/Editor/SpeedTreeImporter/Content/SpeedTree9/SpeedTreeBillboardMaster.uexp" 395
"../../../Engine/Plugins/Animation/ControlRig/Content/Controls/ControlRig_Wedge_solid.ubulk" 396
"../../../Engine/Plugins/Animation/ControlRig/Content/Controls/ControlRig_Wedge_solid.uasset" 397
"../../../Engine/Plugins/Animation/ControlRig/Content/Controls/ControlRig_Wedge_solid.uexp" 398
"../../../Engine/Plugins/Animation/ControlRig/Content/Controls/ControlRig_Wedge_3mm.ubulk" 399
"../../../Engine/Plugins/Animation/ControlRig/Content/Controls/ControlRig_Wedge_3mm.uasset" 400
"../../../Engine/Plugins/Animation/ControlRig/Content/Controls/ControlRig_Wedge_3mm.uexp" 401
"../../../Engine/Plugins/Animation/ControlRig/Content/Controls/ControlRig_Wedge_1mm.ubulk" 402
"../../../Engine/Plugins/Animation/ControlRig/Content/Controls/ControlRig_Wedge_1mm.uasset" 403
"../../../Engine/Plugins/Animation/ControlRig/Content/Controls/ControlRig_Wedge_1mm.uexp" 404
"../../../Engine/Plugins/Animation/ControlRig/Content/Controls/ControlRig_Triangle_solid.ubulk" 405
"../../../Engine/Plugins/Animation/ControlRig/Content/Controls/ControlRig_Triangle_solid.uasset" 406
"../../../Engine/Plugins/Animation/ControlRig/Content/Controls/ControlRig_Triangle_solid.uexp" 407
"../../../Engine/Plugins/Animation/ControlRig/Content/Controls/ControlRig_Triangle_3mm.ubulk" 408
"../../../Engine/Plugins/Animation/ControlRig/Content/Controls/ControlRig_Triangle_3mm.uasset" 409
"../../../Engine/Plugins/Animation/ControlRig/Content/Controls/ControlRig_Triangle_3mm.uexp" 410
"../../../Engine/Plugins/Animation/ControlRig/Content/Controls/ControlRig_Triangle_1mm.ubulk" 411
"../../../Engine/Plugins/Animation/ControlRig/Content/Controls/ControlRig_Triangle_1mm.uasset" 412
"../../../Engine/Plugins/Animation/ControlRig/Content/Controls/ControlRig_Triangle_1mm.uexp" 413
"../../../Engine/Plugins/Animation/ControlRig/Content/Controls/ControlRig_Star4_solid.ubulk" 414
"../../../Engine/Plugins/Animation/ControlRig/Content/Controls/ControlRig_Star4_solid.uasset" 415
"../../../Engine/Plugins/Animation/ControlRig/Content/Controls/ControlRig_Star4_solid.uexp" 416
"../../../Engine/Plugins/Animation/ControlRig/Content/Controls/ControlRig_Star4_3mm.ubulk" 417
"../../../Engine/Plugins/Animation/ControlRig/Content/Controls/ControlRig_Star4_3mm.uasset" 418
"../../../Engine/Plugins/Animation/ControlRig/Content/Controls/ControlRig_Star4_3mm.uexp" 419
"../../../Engine/Plugins/Animation/ControlRig/Content/Controls/ControlRig_Star4_1mm.ubulk" 420
"../../../Engine/Plugins/Animation/ControlRig/Content/Controls/ControlRig_Star4_1mm.uasset" 421
"../../../Engine/Plugins/Animation/ControlRig/Content/Controls/ControlRig_Star4_1mm.uexp" 422
"../../../Engine/Plugins/Animation/ControlRig/Content/Controls/ControlRig_Square_solid.ubulk" 423
"../../../Engine/Plugins/Animation/ControlRig/Content/Controls/ControlRig_Square_solid.uasset" 424
"../../../Engine/Plugins/Animation/ControlRig/Content/Controls/ControlRig_Square_solid.uexp" 425
"../../../Engine/Plugins/Animation/ControlRig/Content/Controls/ControlRig_Square_3mm.ubulk" 426
"../../../Engine/Plugins/Animation/ControlRig/Content/Controls/ControlRig_Square_3mm.uasset" 427
"../../../Engine/Plugins/Animation/ControlRig/Content/Controls/ControlRig_Square_3mm.uexp" 428
"../../../Engine/Plugins/Animation/ControlRig/Content/Controls/ControlRig_Square_1mm.ubulk" 429
"../../../Engine/Plugins/Animation/ControlRig/Content/Controls/ControlRig_Square_1mm.uasset" 430
"../../../Engine/Plugins/Animation/ControlRig/Content/Controls/ControlRig_Square_1mm.uexp" 431
"../../../Engine/Plugins/Animation/ControlRig/Content/Controls/ControlRig_Sphere_solid.ubulk" 432
"../../../Engine/Plugins/Animation/ControlRig/Content/Controls/ControlRig_Sphere_solid.uasset" 433
"../../../Engine/Plugins/Animation/ControlRig/Content/Controls/ControlRig_Sphere_solid.uexp" 434
"../../../Engine/Plugins/Animation/ControlRig/Content/Controls/ControlRig_Sphere_3mm.ubulk" 435
"../../../Engine/Plugins/Animation/ControlRig/Content/Controls/ControlRig_Sphere_3mm.uasset" 436
"../../../Engine/Plugins/Animation/ControlRig/Content/Controls/ControlRig_Sphere_3mm.uexp" 437
"../../../Engine/Plugins/Animation/ControlRig/Content/Controls/ControlRig_Sphere_1mm.ubulk" 438
"../../../Engine/Plugins/Animation/ControlRig/Content/Controls/ControlRig_Sphere_1mm.uasset" 439
"../../../Engine/Plugins/Animation/ControlRig/Content/Controls/ControlRig_Sphere_1mm.uexp" 440
"../../../Engine/Plugins/Animation/ControlRig/Content/Controls/ControlRig_RoundedTriangle_solid.ubulk" 441
"../../../Engine/Plugins/Animation/ControlRig/Content/Controls/ControlRig_RoundedTriangle_solid.uasset" 442
"../../../Engine/Plugins/Animation/ControlRig/Content/Controls/ControlRig_RoundedTriangle_solid.uexp" 443
"../../../Engine/Plugins/Animation/ControlRig/Content/Controls/ControlRig_RoundedTriangle_3mm.ubulk" 444
"../../../Engine/Plugins/Animation/ControlRig/Content/Controls/ControlRig_RoundedTriangle_3mm.uasset" 445
"../../../Engine/Plugins/Animation/ControlRig/Content/Controls/ControlRig_RoundedTriangle_3mm.uexp" 446
"../../../Engine/Plugins/Animation/ControlRig/Content/Controls/ControlRig_RoundedTriangle_1mm.ubulk" 447
"../../../Engine/Plugins/Animation/ControlRig/Content/Controls/ControlRig_RoundedTriangle_1mm.uasset" 448
"../../../Engine/Plugins/Animation/ControlRig/Content/Controls/ControlRig_RoundedTriangle_1mm.uexp" 449
"../../../Engine/Plugins/Animation/ControlRig/Content/Controls/ControlRig_RoundedSquare_solid.ubulk" 450
"../../../Engine/Plugins/Animation/ControlRig/Content/Controls/ControlRig_RoundedSquare_solid.uasset" 451
"../../../Engine/Plugins/Animation/ControlRig/Content/Controls/ControlRig_RoundedSquare_solid.uexp" 452
"../../../Engine/Plugins/Animation/ControlRig/Content/Controls/ControlRig_RoundedSquare_3mm.ubulk" 453
"../../../Engine/Plugins/Animation/ControlRig/Content/Controls/ControlRig_RoundedSquare_3mm.uasset" 454
"../../../Engine/Plugins/Animation/ControlRig/Content/Controls/ControlRig_RoundedSquare_3mm.uexp" 455
"../../../Engine/Plugins/Animation/ControlRig/Content/Controls/ControlRig_RoundedSquare_1mm.ubulk" 456
"../../../Engine/Plugins/Animation/ControlRig/Content/Controls/ControlRig_RoundedSquare_1mm.uasset" 457
"../../../Engine/Plugins/Animation/ControlRig/Content/Controls/ControlRig_RoundedSquare_1mm.uexp" 458
"../../../Engine/Plugins/Animation/ControlRig/Content/Controls/ControlRig_QuarterCircle_solid.ubulk" 459
"../../../Engine/Plugins/Animation/ControlRig/Content/Controls/ControlRig_QuarterCircle_solid.uasset" 460
"../../../Engine/Plugins/Animation/ControlRig/Content/Controls/ControlRig_QuarterCircle_solid.uexp" 461
"../../../Engine/Plugins/Animation/ControlRig/Content/Controls/ControlRig_QuarterCircle_3mm.ubulk" 462
"../../../Engine/Plugins/Animation/ControlRig/Content/Controls/ControlRig_QuarterCircle_3mm.uasset" 463
"../../../Engine/Plugins/Animation/ControlRig/Content/Controls/ControlRig_QuarterCircle_3mm.uexp" 464
"../../../Engine/Plugins/Animation/ControlRig/Content/Controls/ControlRig_QuarterCircle_1mm.ubulk" 465
"../../../Engine/Plugins/Animation/ControlRig/Content/Controls/ControlRig_QuarterCircle_1mm.uasset" 466
"../../../Engine/Plugins/Animation/ControlRig/Content/Controls/ControlRig_QuarterCircle_1mm.uexp" 467
"../../../Engine/Plugins/Animation/ControlRig/Content/Controls/ControlRig_Pyramid_solid.ubulk" 468
"../../../Engine/Plugins/Animation/ControlRig/Content/Controls/ControlRig_Pyramid_solid.uasset" 469
"../../../Engine/Plugins/Animation/ControlRig/Content/Controls/ControlRig_Pyramid_solid.uexp" 470
"../../../Engine/Plugins/Animation/ControlRig/Content/Controls/ControlRig_Pyramid_3mm.ubulk" 471
"../../../Engine/Plugins/Animation/ControlRig/Content/Controls/ControlRig_Pyramid_3mm.uasset" 472
"../../../Engine/Plugins/Animation/ControlRig/Content/Controls/ControlRig_Pyramid_3mm.uexp" 473
"../../../Engine/Plugins/Animation/ControlRig/Content/Controls/ControlRig_Pyramid_1mm.ubulk" 474
"../../../Engine/Plugins/Animation/ControlRig/Content/Controls/ControlRig_Pyramid_1mm.uasset" 475
"../../../Engine/Plugins/Animation/ControlRig/Content/Controls/ControlRig_Pyramid_1mm.uexp" 476
"../../../Engine/Plugins/Animation/ControlRig/Content/Controls/ControlRig_Octagon_solid.ubulk" 477
"../../../Engine/Plugins/Animation/ControlRig/Content/Controls/ControlRig_Octagon_solid.uasset" 478
"../../../Engine/Plugins/Animation/ControlRig/Content/Controls/ControlRig_Octagon_solid.uexp" 479
"../../../Engine/Plugins/Animation/ControlRig/Content/Controls/ControlRig_Octagon_3mm.ubulk" 480
"../../../Engine/Plugins/Animation/ControlRig/Content/Controls/ControlRig_Octagon_3mm.uasset" 481
"../../../Engine/Plugins/Animation/ControlRig/Content/Controls/ControlRig_Octagon_3mm.uexp" 482
"../../../Engine/Plugins/Animation/ControlRig/Content/Controls/ControlRig_Octagon_1mm.ubulk" 483
"../../../Engine/Plugins/Animation/ControlRig/Content/Controls/ControlRig_Octagon_1mm.uasset" 484
"../../../Engine/Plugins/Animation/ControlRig/Content/Controls/ControlRig_Octagon_1mm.uexp" 485
"../../../Engine/Plugins/Animation/ControlRig/Content/Controls/ControlRig_Hexagon_solid.ubulk" 486
"../../../Engine/Plugins/Animation/ControlRig/Content/Controls/ControlRig_Hexagon_solid.uasset" 487
"../../../Engine/Plugins/Animation/ControlRig/Content/Controls/ControlRig_Hexagon_solid.uexp" 488
"../../../Engine/Plugins/Animation/ControlRig/Content/Controls/ControlRig_Hexagon_3mm.ubulk" 489
"../../../Engine/Plugins/Animation/ControlRig/Content/Controls/ControlRig_Hexagon_3mm.uasset" 490
"../../../Engine/Plugins/Animation/ControlRig/Content/Controls/ControlRig_Hexagon_3mm.uexp" 491
"../../../Engine/Plugins/Animation/ControlRig/Content/Controls/ControlRig_Hexagon_1mm.ubulk" 492
"../../../Engine/Plugins/Animation/ControlRig/Content/Controls/ControlRig_Hexagon_1mm.uasset" 493
"../../../Engine/Plugins/Animation/ControlRig/Content/Controls/ControlRig_Hexagon_1mm.uexp" 494
"../../../Engine/Plugins/Animation/ControlRig/Content/Controls/ControlRig_HalfCircle_solid.ubulk" 495
"../../../Engine/Plugins/Animation/ControlRig/Content/Controls/ControlRig_HalfCircle_solid.uasset" 496
"../../../Engine/Plugins/Animation/ControlRig/Content/Controls/ControlRig_HalfCircle_solid.uexp" 497
"../../../Engine/Plugins/Animation/ControlRig/Content/Controls/ControlRig_HalfCircle_3mm.ubulk" 498
"../../../Engine/Plugins/Animation/ControlRig/Content/Controls/ControlRig_HalfCircle_3mm.uasset" 499
"../../../Engine/Plugins/Animation/ControlRig/Content/Controls/ControlRig_HalfCircle_3mm.uexp" 500
"../../../Engine/Plugins/Animation/ControlRig/Content/Controls/ControlRig_HalfCircle_1mm.ubulk" 501
"../../../Engine/Plugins/Animation/ControlRig/Content/Controls/ControlRig_HalfCircle_1mm.uasset" 502
"../../../Engine/Plugins/Animation/ControlRig/Content/Controls/ControlRig_HalfCircle_1mm.uexp" 503
"../../../Engine/Plugins/Animation/ControlRig/Content/Controls/ControlRig_Diamond_solid.ubulk" 504
"../../../Engine/Plugins/Animation/ControlRig/Content/Controls/ControlRig_Diamond_solid.uasset" 505
"../../../Engine/Plugins/Animation/ControlRig/Content/Controls/ControlRig_Diamond_solid.uexp" 506
"../../../Engine/Plugins/Animation/ControlRig/Content/Controls/ControlRig_Diamond_3mm.ubulk" 507
"../../../Engine/Plugins/Animation/ControlRig/Content/Controls/ControlRig_Diamond_3mm.uasset" 508
"../../../Engine/Plugins/Animation/ControlRig/Content/Controls/ControlRig_Diamond_3mm.uexp" 509
"../../../Engine/Plugins/Animation/ControlRig/Content/Controls/ControlRig_Diamond_1mm.ubulk" 510
"../../../Engine/Plugins/Animation/ControlRig/Content/Controls/ControlRig_Diamond_1mm.uasset" 511
"../../../Engine/Plugins/Animation/ControlRig/Content/Controls/ControlRig_Diamond_1mm.uexp" 512
"../../../Engine/Plugins/Animation/ControlRig/Content/Controls/ControlRig_Circle_solid.ubulk" 513
"../../../Engine/Plugins/Animation/ControlRig/Content/Controls/ControlRig_Circle_solid.uasset" 514
"../../../Engine/Plugins/Animation/ControlRig/Content/Controls/ControlRig_Circle_solid.uexp" 515
"../../../Engine/Plugins/Animation/ControlRig/Content/Controls/ControlRig_Circle_3mm.ubulk" 516
"../../../Engine/Plugins/Animation/ControlRig/Content/Controls/ControlRig_Circle_3mm.uasset" 517
"../../../Engine/Plugins/Animation/ControlRig/Content/Controls/ControlRig_Circle_3mm.uexp" 518
"../../../Engine/Plugins/Animation/ControlRig/Content/Controls/ControlRig_Circle_1mm.ubulk" 519
"../../../Engine/Plugins/Animation/ControlRig/Content/Controls/ControlRig_Circle_1mm.uasset" 520
"../../../Engine/Plugins/Animation/ControlRig/Content/Controls/ControlRig_Circle_1mm.uexp" 521
"../../../Engine/Plugins/Animation/ControlRig/Content/Controls/ControlRig_Box_solid.ubulk" 522
"../../../Engine/Plugins/Animation/ControlRig/Content/Controls/ControlRig_Box_solid.uasset" 523
"../../../Engine/Plugins/Animation/ControlRig/Content/Controls/ControlRig_Box_solid.uexp" 524
"../../../Engine/Plugins/Animation/ControlRig/Content/Controls/ControlRig_Box_3mm.ubulk" 525
"../../../Engine/Plugins/Animation/ControlRig/Content/Controls/ControlRig_Box_3mm.uasset" 526
"../../../Engine/Plugins/Animation/ControlRig/Content/Controls/ControlRig_Box_3mm.uexp" 527
"../../../Engine/Plugins/Animation/ControlRig/Content/Controls/ControlRig_Box_1mm.ubulk" 528
"../../../Engine/Plugins/Animation/ControlRig/Content/Controls/ControlRig_Box_1mm.uasset" 529
"../../../Engine/Plugins/Animation/ControlRig/Content/Controls/ControlRig_Box_1mm.uexp" 530
"../../../Engine/Plugins/Animation/ControlRig/Content/Controls/ControlRig_Arrow_solid.ubulk" 531
"../../../Engine/Plugins/Animation/ControlRig/Content/Controls/ControlRig_Arrow_solid.uasset" 532
"../../../Engine/Plugins/Animation/ControlRig/Content/Controls/ControlRig_Arrow_solid.uexp" 533
"../../../Engine/Plugins/Animation/ControlRig/Content/Controls/ControlRig_Arrow_3mm.ubulk" 534
"../../../Engine/Plugins/Animation/ControlRig/Content/Controls/ControlRig_Arrow_3mm.uasset" 535
"../../../Engine/Plugins/Animation/ControlRig/Content/Controls/ControlRig_Arrow_3mm.uexp" 536
"../../../Engine/Plugins/Animation/ControlRig/Content/Controls/ControlRig_Arrow_1mm.ubulk" 537
"../../../Engine/Plugins/Animation/ControlRig/Content/Controls/ControlRig_Arrow_1mm.uasset" 538
"../../../Engine/Plugins/Animation/ControlRig/Content/Controls/ControlRig_Arrow_1mm.uexp" 539
"../../../Engine/Plugins/Animation/ControlRig/Content/Controls/ControlRig_Arrow4_solid.ubulk" 540
"../../../Engine/Plugins/Animation/ControlRig/Content/Controls/ControlRig_Arrow4_solid.uasset" 541
"../../../Engine/Plugins/Animation/ControlRig/Content/Controls/ControlRig_Arrow4_solid.uexp" 542
"../../../Engine/Plugins/Animation/ControlRig/Content/Controls/ControlRig_Arrow4_3mm.ubulk" 543
"../../../Engine/Plugins/Animation/ControlRig/Content/Controls/ControlRig_Arrow4_3mm.uasset" 544
"../../../Engine/Plugins/Animation/ControlRig/Content/Controls/ControlRig_Arrow4_3mm.uexp" 545
"../../../Engine/Plugins/Animation/ControlRig/Content/Controls/ControlRig_Arrow4_1mm.ubulk" 546
"../../../Engine/Plugins/Animation/ControlRig/Content/Controls/ControlRig_Arrow4_1mm.uasset" 547
"../../../Engine/Plugins/Animation/ControlRig/Content/Controls/ControlRig_Arrow4_1mm.uexp" 548
"../../../Engine/Plugins/Animation/ControlRig/Content/Controls/ControlRig_Arrow2_solid.ubulk" 549
"../../../Engine/Plugins/Animation/ControlRig/Content/Controls/ControlRig_Arrow2_solid.uasset" 550
"../../../Engine/Plugins/Animation/ControlRig/Content/Controls/ControlRig_Arrow2_solid.uexp" 551
"../../../Engine/Plugins/Animation/ControlRig/Content/Controls/ControlRig_Arrow2_3mm.ubulk" 552
"../../../Engine/Plugins/Animation/ControlRig/Content/Controls/ControlRig_Arrow2_3mm.uasset" 553
"../../../Engine/Plugins/Animation/ControlRig/Content/Controls/ControlRig_Arrow2_3mm.uexp" 554
"../../../Engine/Plugins/Animation/ControlRig/Content/Controls/ControlRig_Arrow2_1mm.ubulk" 555
"../../../Engine/Plugins/Animation/ControlRig/Content/Controls/ControlRig_Arrow2_1mm.uasset" 556
"../../../Engine/Plugins/Animation/ControlRig/Content/Controls/ControlRig_Arrow2_1mm.uexp" 557
"../../../Engine/Plugins/Animation/ControlRig/Content/Controls/ControlRigXRayMaterial.uasset" 558
"../../../Engine/Plugins/Animation/ControlRig/Content/Controls/ControlRigXRayMaterial.uexp" 559
"../../../Engine/Plugins/Animation/ControlRig/Content/Controls/ControlRigGizmoMaterial.uasset" 560
"../../../Engine/Plugins/Animation/ControlRig/Content/Controls/ControlRigGizmoMaterial.uexp" 561
"../../../Engine/Content/EditorMaterials/Dataflow/DataflowVertexMaterial.uasset" 562
"../../../Engine/Content/EditorMaterials/Dataflow/DataflowVertexMaterial.uexp" 563
"../../../Engine/Content/EditorMaterials/Dataflow/DataflowTwoSidedVertexMaterial.uasset" 564
"../../../Engine/Content/EditorMaterials/Dataflow/DataflowTwoSidedVertexMaterial.uexp" 565
"../../../Engine/Content/EngineResources/FilmGrains/Marcie_Grain_v3_128_M2_000.uasset" 566
"../../../Engine/Content/EngineResources/FilmGrains/Marcie_Grain_v3_128_M2_000.uexp" 567
"../../../Engine/Content/EngineResources/Development/ZenLogo_64.uasset" 568
"../../../Engine/Content/EngineResources/Development/ZenLogo_64.uexp" 569
"../../../Engine/Content/EngineMaterials/LTC/Sheen_LTC.uasset" 570
"../../../Engine/Content/EngineMaterials/LTC/Sheen_LTC.uexp" 571
"../../../Engine/Content/EngineMaterials/LTC/GGX_LTCMat.uasset" 572
"../../../Engine/Content/EngineMaterials/LTC/GGX_LTCMat.uexp" 573
"../../../Engine/Content/EngineMaterials/LTC/GGX_LTCAmp.uasset" 574
"../../../Engine/Content/EngineMaterials/LTC/GGX_LTCAmp.uexp" 575
"../../../Engine/Content/EngineMaterials/EnergyConservation/Sheen_Energy.uasset" 576
"../../../Engine/Content/EngineMaterials/EnergyConservation/Sheen_Energy.uexp" 577
"../../../Engine/Content/EngineMaterials/EnergyConservation/SheenLegacy_Energy.uasset" 578
"../../../Engine/Content/EngineMaterials/EnergyConservation/SheenLegacy_Energy.uexp" 579
"../../../Engine/Content/EngineMaterials/EnergyConservation/GGX_TransmissionEnergyArray.uasset" 580
"../../../Engine/Content/EngineMaterials/EnergyConservation/GGX_TransmissionEnergyArray.uexp" 581
"../../../Engine/Content/EngineMaterials/EnergyConservation/GGX_ReflectionEnergy.uasset" 582
"../../../Engine/Content/EngineMaterials/EnergyConservation/GGX_ReflectionEnergy.uexp" 583
"../../../Engine/Content/EngineMaterials/EnergyConservation/Diffuse_Energy.uasset" 584
"../../../Engine/Content/EngineMaterials/EnergyConservation/Diffuse_Energy.uexp" 585
"../../../Engine/Content/EditorResources/SequenceRecorder/RecordingIndicator.uasset" 586
"../../../Engine/Content/EditorResources/SequenceRecorder/RecordingIndicator.uexp" 587
"../../../Engine/Content/EditorResources/SequenceRecorder/Countdown.uasset" 588
"../../../Engine/Content/EditorResources/SequenceRecorder/Countdown.uexp" 589
"../../../Engine/Content/EditorMaterials/Camera/CineMat.uasset" 590
"../../../Engine/Content/EditorMaterials/Camera/CineMat.uexp" 591
"../../../Engine/Content/EditorMaterials/Camera/MI_CineMat_Rig.uasset" 592
"../../../Engine/Content/EditorMaterials/Camera/MI_CineMat_Rig.uexp" 593
"../../../Engine/Content/EditorMeshes/Camera/SM_RailRig_Track.ubulk" 594
"../../../Engine/Content/EditorMeshes/Camera/SM_RailRig_Track.uasset" 595
"../../../Engine/Content/EditorMeshes/Camera/SM_RailRig_Track.uexp" 596
"../../../Engine/Content/EditorMeshes/Camera/SM_RailRig_Mount.ubulk" 597
"../../../Engine/Content/EditorMeshes/Camera/SM_RailRig_Mount.uasset" 598
"../../../Engine/Content/EditorMeshes/Camera/SM_RailRig_Mount.uexp" 599
"../../../Engine/Content/EditorMeshes/Camera/SM_CraneRig_Mount.ubulk" 600
"../../../Engine/Content/EditorMeshes/Camera/SM_CraneRig_Mount.uasset" 601
"../../../Engine/Content/EditorMeshes/Camera/SM_CraneRig_Mount.uexp" 602
"../../../Engine/Content/EditorMeshes/Camera/SM_CraneRig_Body.ubulk" 603
"../../../Engine/Content/EditorMeshes/Camera/SM_CraneRig_Body.uasset" 604
"../../../Engine/Content/EditorMeshes/Camera/SM_CraneRig_Body.uexp" 605
"../../../Engine/Content/EditorMeshes/Camera/SM_CraneRig_Base.ubulk" 606
"../../../Engine/Content/EditorMeshes/Camera/SM_CraneRig_Base.uasset" 607
"../../../Engine/Content/EditorMeshes/Camera/SM_CraneRig_Base.uexp" 608
"../../../Engine/Content/EditorMeshes/Camera/SM_CraneRig_Arm.ubulk" 609
"../../../Engine/Content/EditorMeshes/Camera/SM_CraneRig_Arm.uasset" 610
"../../../Engine/Content/EditorMeshes/Camera/SM_CraneRig_Arm.uexp" 611
"../../../Engine/Content/EditorMaterials/ParticleSystems/PSysThumbnail_OOD.ubulk" 612
"../../../Engine/Content/EditorMaterials/ParticleSystems/PSysThumbnail_OOD.uasset" 613
"../../../Engine/Content/EditorMaterials/ParticleSystems/PSysThumbnail_OOD.uexp" 614
"../../../Engine/Content/EditorMaterials/ParticleSystems/PSysThumbnail_NoImage.ubulk" 615
"../../../Engine/Content/EditorMaterials/ParticleSystems/PSysThumbnail_NoImage.uasset" 616
"../../../Engine/Content/EditorMaterials/ParticleSystems/PSysThumbnail_NoImage.uexp" 617
"../../../Engine/Content/VREditor/TransformGizmo/Xray.uasset" 618
"../../../Engine/Content/VREditor/TransformGizmo/Xray.uexp" 619
"../../../Engine/Content/VREditor/TransformGizmo/Main.uasset" 620
"../../../Engine/Content/VREditor/TransformGizmo/Main.uexp" 621
"../../../Engine/Content/VREditor/TransformGizmo/SM_Sequencer_Node.ubulk" 622
"../../../Engine/Content/VREditor/TransformGizmo/SM_Sequencer_Node.uasset" 623
"../../../Engine/Content/VREditor/TransformGizmo/SM_Sequencer_Node.uexp" 624
"../../../Engine/Content/VREditor/TransformGizmo/TranslucentTransformGizmoMaterial.uasset" 625
"../../../Engine/Content/VREditor/TransformGizmo/TranslucentTransformGizmoMaterial.uexp" 626
"../../../Engine/Content/VREditor/LaserPointer/VR_LaserPower_01.ubulk" 627
"../../../Engine/Content/VREditor/LaserPointer/VR_LaserPower_01.uasset" 628
"../../../Engine/Content/VREditor/LaserPointer/VR_LaserPower_01.uexp" 629
"../../../Engine/Content/VREditor/TransformGizmo/TransformGizmoMaterial.uasset" 630
"../../../Engine/Content/VREditor/TransformGizmo/TransformGizmoMaterial.uexp" 631
"../../../Engine/Content/VREditor/TransformGizmo/BoundingBoxEdge.ubulk" 632
"../../../Engine/Content/VREditor/TransformGizmo/BoundingBoxEdge.uasset" 633
"../../../Engine/Content/VREditor/TransformGizmo/BoundingBoxEdge.uexp" 634
"../../../Engine/Content/VREditor/TransformGizmo/BoundingBoxCorner.ubulk" 635
"../../../Engine/Content/VREditor/TransformGizmo/BoundingBoxCorner.uasset" 636
"../../../Engine/Content/VREditor/TransformGizmo/BoundingBoxCorner.uexp" 637
"../../../Engine/Content/ArtTools/RenderToTexture/Meshes/S_1_Unit_Plane.ubulk" 638
"../../../Engine/Content/ArtTools/RenderToTexture/Meshes/S_1_Unit_Plane.uasset" 639
"../../../Engine/Content/ArtTools/RenderToTexture/Meshes/S_1_Unit_Plane.uexp" 640
"../../../Engine/Content/EngineMaterials/Substrate/Glints2/AGlintTex2dArray2.uasset" 641
"../../../Engine/Content/EngineMaterials/Substrate/Glints2/AGlintTex2dArray2.uexp" 642
"../../../Engine/Content/EngineMaterials/Substrate/GLints/AGlintTex2dArray.uasset" 643
"../../../Engine/Content/EngineMaterials/Substrate/GLints/AGlintTex2dArray.uexp" 644
"../../../Engine/Content/Functions/Engine_MaterialFunctions01/Shading/PowerToRoughness.uasset" 645
"../../../Engine/Content/Functions/Engine_MaterialFunctions01/Shading/PowerToRoughness.uexp" 646
"../../../Engine/Content/Functions/Engine_MaterialFunctions01/Shading/ConvertFromDiffSpec.uasset" 647
"../../../Engine/Content/Functions/Engine_MaterialFunctions01/Shading/ConvertFromDiffSpec.uexp" 648
"../../../Engine/Content/EngineResources/DefaultTextureCube.uasset" 649
"../../../Engine/Content/EngineResources/DefaultTextureCube.uexp" 650
"../../../Engine/Content/EngineMaterials/Substrate/Volume/SubstrateSimpleVolumeEnvLUT3D.uasset" 651
"../../../Engine/Content/EngineMaterials/Substrate/Volume/SubstrateSimpleVolumeEnvLUT3D.uexp" 652
"../../../Engine/Content/EngineMaterials/Substrate/Volume/SubstrateSimpleVolumeLUT3D.uasset" 653
"../../../Engine/Content/EngineMaterials/Substrate/Volume/SubstrateSimpleVolumeLUT3D.uexp" 654
"../../../Engine/Plugins/Interchange/Assets/Content/Utilities/New_LUT.uasset" 655
"../../../Engine/Plugins/Interchange/Assets/Content/Utilities/New_LUT.uexp" 656
"../../../Engine/Content/Functions/Engine_MaterialFunctions03/Math/RemapValueRange.uasset" 657
"../../../Engine/Content/Functions/Engine_MaterialFunctions03/Math/RemapValueRange.uexp" 658
"../../../Engine/Plugins/Interchange/Assets/Content/Functions/MF_Iridescence.uasset" 659
"../../../Engine/Plugins/Interchange/Assets/Content/Functions/MF_Iridescence.uexp" 660
"../../../Engine/Plugins/Interchange/Assets/Content/gltf/Textures/T_White_srgb.uasset" 661
"../../../Engine/Plugins/Interchange/Assets/Content/gltf/Textures/T_White_srgb.uexp" 662
"../../../Engine/Plugins/Interchange/Assets/Content/gltf/MaterialFunctions/MF_BaseColor.uasset" 663
"../../../Engine/Plugins/Interchange/Assets/Content/gltf/MaterialFunctions/MF_BaseColor.uexp" 664
"../../../Engine/Plugins/Interchange/Assets/Content/gltf/MaterialFunctions/MF_RotateV2.uasset" 665
"../../../Engine/Plugins/Interchange/Assets/Content/gltf/MaterialFunctions/MF_RotateV2.uexp" 666
"../../../Engine/Plugins/Interchange/Assets/Content/gltf/MaterialFunctions/MF_TransformUVs.uasset" 667
"../../../Engine/Plugins/Interchange/Assets/Content/gltf/MaterialFunctions/MF_TransformUVs.uexp" 668
"../../../Engine/Plugins/Interchange/Assets/Content/gltf/MaterialFunctions/MF_IOR.uasset" 669
"../../../Engine/Plugins/Interchange/Assets/Content/gltf/MaterialFunctions/MF_IOR.uexp" 670
"../../../Engine/Plugins/Interchange/Assets/Content/gltf/MaterialFunctions/MF_Iridescence.uasset" 671
"../../../Engine/Plugins/Interchange/Assets/Content/gltf/MaterialFunctions/MF_Iridescence.uexp" 672
"../../../Engine/Plugins/Interchange/Assets/Content/gltf/Textures/T_White_Linear.uasset" 673
"../../../Engine/Plugins/Interchange/Assets/Content/gltf/Textures/T_White_Linear.uexp" 674
"../../../Engine/Plugins/Interchange/Assets/Content/gltf/MaterialFunctions/MF_MetallicRoughness.uasset" 675
"../../../Engine/Plugins/Interchange/Assets/Content/gltf/MaterialFunctions/MF_MetallicRoughness.uexp" 676
"../../../Engine/Content/Functions/Engine_MaterialFunctions02/Math/Transform3x3Matrix.uasset" 677
"../../../Engine/Content/Functions/Engine_MaterialFunctions02/Math/Transform3x3Matrix.uexp" 678
"../../../Engine/Plugins/Interchange/Assets/Content/gltf/MaterialFunctions/MF_RotateNormals_TS.uasset" 679
"../../../Engine/Plugins/Interchange/Assets/Content/gltf/MaterialFunctions/MF_RotateNormals_TS.uexp" 680
"../../../Engine/Plugins/Interchange/Assets/Content/gltf/MaterialFunctions/MF_ScaleNormal.uasset" 681
"../../../Engine/Plugins/Interchange/Assets/Content/gltf/MaterialFunctions/MF_ScaleNormal.uexp" 682
"../../../Engine/Plugins/Interchange/Assets/Content/gltf/Textures/T_Generic_N.uasset" 683
"../../../Engine/Plugins/Interchange/Assets/Content/gltf/Textures/T_Generic_N.uexp" 684
"../../../Engine/Plugins/Interchange/Assets/Content/gltf/MaterialFunctions/MF_Normals.uasset" 685
"../../../Engine/Plugins/Interchange/Assets/Content/gltf/MaterialFunctions/MF_Normals.uexp" 686
"../../../Engine/Plugins/Interchange/Assets/Content/gltf/MaterialFunctions/MF_Occlusion.uasset" 687
"../../../Engine/Plugins/Interchange/Assets/Content/gltf/MaterialFunctions/MF_Occlusion.uexp" 688
"../../../Engine/Plugins/Interchange/Assets/Content/gltf/MaterialFunctions/MF_Specular.uasset" 689
"../../../Engine/Plugins/Interchange/Assets/Content/gltf/MaterialFunctions/MF_Specular.uexp" 690
"../../../Engine/Plugins/Interchange/Assets/Content/gltf/Textures/T_Anisotropy_Direction_Linear.uasset" 691
"../../../Engine/Plugins/Interchange/Assets/Content/gltf/Textures/T_Anisotropy_Direction_Linear.uexp" 692
"../../../Engine/Plugins/Interchange/Assets/Content/gltf/MaterialFunctions/MF_SpecularAnisotropy.uasset" 693
"../../../Engine/Plugins/Interchange/Assets/Content/gltf/MaterialFunctions/MF_SpecularAnisotropy.uexp" 694
"../../../Engine/Plugins/Interchange/Assets/Content/gltf/MaterialFunctions/MF_Emissive.uasset" 695
"../../../Engine/Plugins/Interchange/Assets/Content/gltf/MaterialFunctions/MF_Emissive.uexp" 696
"../../../Engine/Content/Functions/Engine_MaterialFunctions01/Texturing/FlattenNormal.uasset" 697
"../../../Engine/Content/Functions/Engine_MaterialFunctions01/Texturing/FlattenNormal.uexp" 698
"../../../Engine/Plugins/Interchange/Assets/Content/gltf/MaterialFunctions/MF_Clearcoat.uasset" 699
"../../../Engine/Plugins/Interchange/Assets/Content/gltf/MaterialFunctions/MF_Clearcoat.uexp" 700
"../../../Engine/Plugins/Interchange/Assets/Content/gltf/MaterialBodies/MF_ClearCoat_Body.uasset" 701
"../../../Engine/Plugins/Interchange/Assets/Content/gltf/MaterialBodies/MF_ClearCoat_Body.uexp" 702
"../../../Engine/Plugins/Interchange/Assets/Content/gltf/M_ClearCoat.uasset" 703
"../../../Engine/Plugins/Interchange/Assets/Content/gltf/M_ClearCoat.uexp" 704
"../../../Engine/Plugins/Interchange/Assets/Content/gltf/MaterialInstances/MI_ClearCoat_Blend.uasset" 705
"../../../Engine/Plugins/Interchange/Assets/Content/gltf/MaterialInstances/MI_ClearCoat_Blend.uexp" 706
"../../../Engine/Plugins/Interchange/Assets/Content/gltf/MaterialInstances/MI_ClearCoat_Blend_DS.uasset" 707
"../../../Engine/Plugins/Interchange/Assets/Content/gltf/MaterialInstances/MI_ClearCoat_Blend_DS.uexp" 708
"../../../Engine/Plugins/Interchange/Assets/Content/gltf/MaterialInstances/MI_ClearCoat_Mask.uasset" 709
"../../../Engine/Plugins/Interchange/Assets/Content/gltf/MaterialInstances/MI_ClearCoat_Mask.uexp" 710
"../../../Engine/Plugins/Interchange/Assets/Content/gltf/MaterialInstances/MI_ClearCoat_Mask_DS.uasset" 711
"../../../Engine/Plugins/Interchange/Assets/Content/gltf/MaterialInstances/MI_ClearCoat_Mask_DS.uexp" 712
"../../../Engine/Plugins/Interchange/Assets/Content/gltf/MaterialInstances/MI_ClearCoat_Opaque.uasset" 713
"../../../Engine/Plugins/Interchange/Assets/Content/gltf/MaterialInstances/MI_ClearCoat_Opaque.uexp" 714
"../../../Engine/Plugins/Interchange/Assets/Content/gltf/MaterialInstances/MI_ClearCoat_Opaque_DS.uasset" 715
"../../../Engine/Plugins/Interchange/Assets/Content/gltf/MaterialInstances/MI_ClearCoat_Opaque_DS.uexp" 716
"../../../Engine/Plugins/Interchange/Assets/Content/gltf/MaterialBodies/MF_Default_Body.uasset" 717
"../../../Engine/Plugins/Interchange/Assets/Content/gltf/MaterialBodies/MF_Default_Body.uexp" 718
"../../../Engine/Plugins/Interchange/Assets/Content/gltf/M_Default.uasset" 719
"../../../Engine/Plugins/Interchange/Assets/Content/gltf/M_Default.uexp" 720
"../../../Engine/Plugins/Interchange/Assets/Content/gltf/MaterialInstances/MI_Default_Blend.uasset" 721
"../../../Engine/Plugins/Interchange/Assets/Content/gltf/MaterialInstances/MI_Default_Blend.uexp" 722
"../../../Engine/Plugins/Interchange/Assets/Content/gltf/MaterialInstances/MI_Default_Blend_DS.uasset" 723
"../../../Engine/Plugins/Interchange/Assets/Content/gltf/MaterialInstances/MI_Default_Blend_DS.uexp" 724
"../../../Engine/Plugins/Interchange/Assets/Content/gltf/MaterialInstances/MI_Default_Mask.uasset" 725
"../../../Engine/Plugins/Interchange/Assets/Content/gltf/MaterialInstances/MI_Default_Mask.uexp" 726
"../../../Engine/Plugins/Interchange/Assets/Content/gltf/MaterialInstances/MI_Default_Mask_DS.uasset" 727
"../../../Engine/Plugins/Interchange/Assets/Content/gltf/MaterialInstances/MI_Default_Mask_DS.uexp" 728
"../../../Engine/Plugins/Interchange/Assets/Content/gltf/MaterialInstances/MI_Default_Opaque.uasset" 729
"../../../Engine/Plugins/Interchange/Assets/Content/gltf/MaterialInstances/MI_Default_Opaque.uexp" 730
"../../../Engine/Plugins/Interchange/Assets/Content/gltf/MaterialInstances/MI_Default_Opaque_DS.uasset" 731
"../../../Engine/Plugins/Interchange/Assets/Content/gltf/MaterialInstances/MI_Default_Opaque_DS.uexp" 732
"../../../Engine/Plugins/Interchange/Assets/Content/gltf/MaterialFunctions/MF_Sheen.uasset" 733
"../../../Engine/Plugins/Interchange/Assets/Content/gltf/MaterialFunctions/MF_Sheen.uexp" 734
"../../../Engine/Plugins/Interchange/Assets/Content/gltf/MaterialBodies/MF_Sheen_Body.uasset" 735
"../../../Engine/Plugins/Interchange/Assets/Content/gltf/MaterialBodies/MF_Sheen_Body.uexp" 736
"../../../Engine/Plugins/Interchange/Assets/Content/gltf/M_Sheen.uasset" 737
"../../../Engine/Plugins/Interchange/Assets/Content/gltf/M_Sheen.uexp" 738
"../../../Engine/Plugins/Interchange/Assets/Content/gltf/MaterialInstances/MI_Sheen_Blend.uasset" 739
"../../../Engine/Plugins/Interchange/Assets/Content/gltf/MaterialInstances/MI_Sheen_Blend.uexp" 740
"../../../Engine/Plugins/Interchange/Assets/Content/gltf/MaterialInstances/MI_Sheen_Blend_DS.uasset" 741
"../../../Engine/Plugins/Interchange/Assets/Content/gltf/MaterialInstances/MI_Sheen_Blend_DS.uexp" 742
"../../../Engine/Plugins/Interchange/Assets/Content/gltf/MaterialInstances/MI_Sheen_Mask.uasset" 743
"../../../Engine/Plugins/Interchange/Assets/Content/gltf/MaterialInstances/MI_Sheen_Mask.uexp" 744
"../../../Engine/Plugins/Interchange/Assets/Content/gltf/MaterialInstances/MI_Sheen_Mask_DS.uasset" 745
"../../../Engine/Plugins/Interchange/Assets/Content/gltf/MaterialInstances/MI_Sheen_Mask_DS.uexp" 746
"../../../Engine/Plugins/Interchange/Assets/Content/gltf/MaterialInstances/MI_Sheen_Opaque.uasset" 747
"../../../Engine/Plugins/Interchange/Assets/Content/gltf/MaterialInstances/MI_Sheen_Opaque.uexp" 748
"../../../Engine/Plugins/Interchange/Assets/Content/gltf/MaterialInstances/MI_Sheen_Opaque_DS.uasset" 749
"../../../Engine/Plugins/Interchange/Assets/Content/gltf/MaterialInstances/MI_Sheen_Opaque_DS.uexp" 750
"../../../Engine/Content/Functions/Engine_MaterialFunctions02/Math/AddComponents.uasset" 751
"../../../Engine/Content/Functions/Engine_MaterialFunctions02/Math/AddComponents.uexp" 752
"../../../Engine/Plugins/Interchange/Assets/Content/gltf/MaterialFunctions/MF_DiffuseSpecGloss.uasset" 753
"../../../Engine/Plugins/Interchange/Assets/Content/gltf/MaterialFunctions/MF_DiffuseSpecGloss.uexp" 754
"../../../Engine/Plugins/Interchange/Assets/Content/gltf/MaterialFunctions/MF_MaxComponentValue.uasset" 755
"../../../Engine/Plugins/Interchange/Assets/Content/gltf/MaterialFunctions/MF_MaxComponentValue.uexp" 756
"../../../Engine/Plugins/Interchange/Assets/Content/gltf/MaterialFunctions/MF_PerceivedBrightness.uasset" 757
"../../../Engine/Plugins/Interchange/Assets/Content/gltf/MaterialFunctions/MF_PerceivedBrightness.uexp" 758
"../../../Engine/Plugins/Interchange/Assets/Content/gltf/MaterialFunctions/MF_SpecGlossToMetalRoughness.uasset" 759
"../../../Engine/Plugins/Interchange/Assets/Content/gltf/MaterialFunctions/MF_SpecGlossToMetalRoughness.uexp" 760
"../../../Engine/Plugins/Interchange/Assets/Content/gltf/MaterialBodies/MF_SpecularGlossiness_Body.uasset" 761
"../../../Engine/Plugins/Interchange/Assets/Content/gltf/MaterialBodies/MF_SpecularGlossiness_Body.uexp" 762
"../../../Engine/Plugins/Interchange/Assets/Content/gltf/M_SpecularGlossiness.uasset" 763
"../../../Engine/Plugins/Interchange/Assets/Content/gltf/M_SpecularGlossiness.uexp" 764
"../../../Engine/Plugins/Interchange/Assets/Content/gltf/MaterialInstances/MI_SpecularGlossiness_Blend.uasset" 765
"../../../Engine/Plugins/Interchange/Assets/Content/gltf/MaterialInstances/MI_SpecularGlossiness_Blend.uexp" 766
"../../../Engine/Plugins/Interchange/Assets/Content/gltf/MaterialInstances/MI_SpecularGlossiness_Blend_DS.uasset" 767
"../../../Engine/Plugins/Interchange/Assets/Content/gltf/MaterialInstances/MI_SpecularGlossiness_Blend_DS.uexp" 768
"../../../Engine/Plugins/Interchange/Assets/Content/gltf/MaterialInstances/MI_SpecularGlossiness_Mask.uasset" 769
"../../../Engine/Plugins/Interchange/Assets/Content/gltf/MaterialInstances/MI_SpecularGlossiness_Mask.uexp" 770
"../../../Engine/Plugins/Interchange/Assets/Content/gltf/MaterialInstances/MI_SpecularGlossiness_Mask_DS.uasset" 771
"../../../Engine/Plugins/Interchange/Assets/Content/gltf/MaterialInstances/MI_SpecularGlossiness_Mask_DS.uexp" 772
"../../../Engine/Plugins/Interchange/Assets/Content/gltf/MaterialInstances/MI_SpecularGlossiness_Opaque.uasset" 773
"../../../Engine/Plugins/Interchange/Assets/Content/gltf/MaterialInstances/MI_SpecularGlossiness_Opaque.uexp" 774
"../../../Engine/Plugins/Interchange/Assets/Content/gltf/MaterialInstances/MI_SpecularGlossiness_Opaque_DS.uasset" 775
"../../../Engine/Plugins/Interchange/Assets/Content/gltf/MaterialInstances/MI_SpecularGlossiness_Opaque_DS.uexp" 776
"../../../Engine/Content/EngineMaterials/Good64x64TilingNoiseHighFreq.uasset" 777
"../../../Engine/Content/EngineMaterials/Good64x64TilingNoiseHighFreq.uexp" 778
"../../../Engine/Content/Functions/Engine_MaterialFunctions02/Texturing/ScreenAlignedPixelToPixelUVs.uasset" 779
"../../../Engine/Content/Functions/Engine_MaterialFunctions02/Texturing/ScreenAlignedPixelToPixelUVs.uexp" 780
"../../../Engine/Plugins/Interchange/Assets/Content/gltf/MaterialFunctions/MF_Fresnel_DS.uasset" 781
"../../../Engine/Plugins/Interchange/Assets/Content/gltf/MaterialFunctions/MF_Fresnel_DS.uexp" 782
"../../../Engine/Plugins/Interchange/Assets/Content/gltf/MaterialFunctions/MF_Temporal_Blur.uasset" 783
"../../../Engine/Plugins/Interchange/Assets/Content/gltf/MaterialFunctions/MF_Temporal_Blur.uexp" 784
"../../../Engine/Plugins/Interchange/Assets/Content/gltf/MaterialFunctions/MF_Transmission.uasset" 785
"../../../Engine/Plugins/Interchange/Assets/Content/gltf/MaterialFunctions/MF_Transmission.uexp" 786
"../../../Engine/Plugins/Interchange/Assets/Content/gltf/MaterialBodies/MF_Transmission_Body.uasset" 787
"../../../Engine/Plugins/Interchange/Assets/Content/gltf/MaterialBodies/MF_Transmission_Body.uexp" 788
"../../../Engine/Plugins/Interchange/Assets/Content/gltf/M_Transmission.uasset" 789
"../../../Engine/Plugins/Interchange/Assets/Content/gltf/M_Transmission.uexp" 790
"../../../Engine/Plugins/Interchange/Assets/Content/gltf/MaterialInstances/MI_Transmission.uasset" 791
"../../../Engine/Plugins/Interchange/Assets/Content/gltf/MaterialInstances/MI_Transmission.uexp" 792
"../../../Engine/Plugins/Interchange/Assets/Content/gltf/MaterialInstances/MI_Transmission_DS.uasset" 793
"../../../Engine/Plugins/Interchange/Assets/Content/gltf/MaterialInstances/MI_Transmission_DS.uexp" 794
"../../../Engine/Plugins/Interchange/Assets/Content/gltf/MaterialBodies/MF_Unlit_Body.uasset" 795
"../../../Engine/Plugins/Interchange/Assets/Content/gltf/MaterialBodies/MF_Unlit_Body.uexp" 796
"../../../Engine/Plugins/Interchange/Assets/Content/gltf/M_Unlit.uasset" 797
"../../../Engine/Plugins/Interchange/Assets/Content/gltf/M_Unlit.uexp" 798
"../../../Engine/Plugins/Interchange/Assets/Content/gltf/MaterialInstances/MI_Unlit_Blend.uasset" 799
"../../../Engine/Plugins/Interchange/Assets/Content/gltf/MaterialInstances/MI_Unlit_Blend.uexp" 800
"../../../Engine/Plugins/Interchange/Assets/Content/gltf/MaterialInstances/MI_Unlit_Blend_DS.uasset" 801
"../../../Engine/Plugins/Interchange/Assets/Content/gltf/MaterialInstances/MI_Unlit_Blend_DS.uexp" 802
"../../../Engine/Plugins/Interchange/Assets/Content/gltf/MaterialInstances/MI_Unlit_Mask.uasset" 803
"../../../Engine/Plugins/Interchange/Assets/Content/gltf/MaterialInstances/MI_Unlit_Mask.uexp" 804
"../../../Engine/Plugins/Interchange/Assets/Content/gltf/MaterialInstances/MI_Unlit_Mask_DS.uasset" 805
"../../../Engine/Plugins/Interchange/Assets/Content/gltf/MaterialInstances/MI_Unlit_Mask_DS.uexp" 806
"../../../Engine/Plugins/Interchange/Assets/Content/gltf/MaterialInstances/MI_Unlit_Opaque.uasset" 807
"../../../Engine/Plugins/Interchange/Assets/Content/gltf/MaterialInstances/MI_Unlit_Opaque.uexp" 808
"../../../Engine/Plugins/Interchange/Assets/Content/gltf/MaterialInstances/MI_Unlit_Opaque_DS.uasset" 809
"../../../Engine/Plugins/Interchange/Assets/Content/gltf/MaterialInstances/MI_Unlit_Opaque_DS.uexp" 810
"../../../Engine/Content/EditorLandscapeResources/ColorMaskBrushMaterial.uasset" 811
"../../../Engine/Content/EditorLandscapeResources/ColorMaskBrushMaterial.uexp" 812
"../../../Engine/Content/EditorLandscapeResources/ColorMaskBrushMaterial_MaskedRegion.uasset" 813
"../../../Engine/Content/EditorLandscapeResources/ColorMaskBrushMaterial_MaskedRegion.uexp" 814
"../../../Engine/Content/Functions/Engine_MaterialFunctions03/Math/WithinRangeFloat2.uasset" 815
"../../../Engine/Content/Functions/Engine_MaterialFunctions03/Math/WithinRangeFloat2.uexp" 816
"../../../Engine/Content/EditorLandscapeResources/MaskBrushMaterial.uasset" 817
"../../../Engine/Content/EditorLandscapeResources/MaskBrushMaterial.uexp" 818
"../../../Engine/Content/EditorLandscapeResources/MaskBrushMaterial_MaskedRegion.uasset" 819
"../../../Engine/Content/EditorLandscapeResources/MaskBrushMaterial_MaskedRegion.uexp" 820
"../../../Engine/Content/EditorLandscapeResources/SelectBrushMaterial.uasset" 821
"../../../Engine/Content/EditorLandscapeResources/SelectBrushMaterial.uexp" 822
"../../../Engine/Content/EditorLandscapeResources/SelectBrushMaterial_Selected.uasset" 823
"../../../Engine/Content/EditorLandscapeResources/SelectBrushMaterial_Selected.uexp" 824
"../../../Engine/Content/EditorLandscapeResources/SelectBrushMaterial_SelectedRegion.uasset" 825
"../../../Engine/Content/EditorLandscapeResources/SelectBrushMaterial_SelectedRegion.uexp" 826
"../../../Engine/Content/EngineResources/WhiteSquareTexture.uasset" 827
"../../../Engine/Content/EngineResources/WhiteSquareTexture.uexp" 828
"../../../Engine/Content/EngineMaterials/Widget3DPassThrough.uasset" 829
"../../../Engine/Content/EngineMaterials/Widget3DPassThrough.uexp" 830
"../../../Engine/Content/EngineMaterials/Widget3DPassThrough_Masked.uasset" 831
"../../../Engine/Content/EngineMaterials/Widget3DPassThrough_Masked.uexp" 832
"../../../Engine/Content/EngineMaterials/Widget3DPassThrough_Opaque.uasset" 833
"../../../Engine/Content/EngineMaterials/Widget3DPassThrough_Opaque.uexp" 834
"../../../Engine/Content/EngineMaterials/Widget3DPassThrough_Masked_OneSided.uasset" 835
"../../../Engine/Content/EngineMaterials/Widget3DPassThrough_Masked_OneSided.uexp" 836
"../../../Engine/Content/EngineMaterials/Widget3DPassThrough_Opaque_OneSided.uasset" 837
"../../../Engine/Content/EngineMaterials/Widget3DPassThrough_Opaque_OneSided.uexp" 838
"../../../Engine/Content/EngineMaterials/Widget3DPassThrough_Translucent.uasset" 839
"../../../Engine/Content/EngineMaterials/Widget3DPassThrough_Translucent.uexp" 840
"../../../Engine/Content/EngineMaterials/Widget3DPassThrough_Translucent_OneSided.uasset" 841
"../../../Engine/Content/EngineMaterials/Widget3DPassThrough_Translucent_OneSided.uexp" 842
"../../../Engine/Plugins/NNE/NNEDenoiser/Content/NNE_oidn2-3-0_rt_hdr_alb_nrm_small__dyn__fp16_opset11_DenoiseAlpha.uasset" 843
"../../../Engine/Plugins/NNE/NNEDenoiser/Content/NNE_oidn2-3-0_rt_hdr_alb_nrm_small__dyn__fp16_opset11_DenoiseAlpha.uexp" 844
"../../../Engine/Plugins/NNE/NNEDenoiser/Content/NNE_oidn2-3-0_rt_hdr_alb_nrm_small__dyn__fp16_opset11_ForwardAlpha.uasset" 845
"../../../Engine/Plugins/NNE/NNEDenoiser/Content/NNE_oidn2-3-0_rt_hdr_alb_nrm_small__dyn__fp16_opset11_ForwardAlpha.uexp" 846
"../../../Engine/Plugins/NNE/NNEDenoiser/Content/NNE_oidn2-3-0_rt_hdr_alb_nrm__dyn__fp16_opset11_DenoiseAlpha.uasset" 847
"../../../Engine/Plugins/NNE/NNEDenoiser/Content/NNE_oidn2-3-0_rt_hdr_alb_nrm__dyn__fp16_opset11_DenoiseAlpha.uexp" 848
"../../../Engine/Plugins/NNE/NNEDenoiser/Content/NNE_oidn2-3-0_rt_hdr_alb_nrm__dyn__fp16_opset11_ForwardAlpha.uasset" 849
"../../../Engine/Plugins/NNE/NNEDenoiser/Content/NNE_oidn2-3-0_rt_hdr_alb_nrm__dyn__fp16_opset11_ForwardAlpha.uexp" 850
"../../../Engine/Plugins/NNE/NNEDenoiser/Content/NNE_oidn2-3-0_rt_hdr_calb_cnrm_large__dyn__fp16_opset11_DenoiseAlpha.uasset" 851
"../../../Engine/Plugins/NNE/NNEDenoiser/Content/NNE_oidn2-3-0_rt_hdr_calb_cnrm_large__dyn__fp16_opset11_DenoiseAlpha.uexp" 852
"../../../Engine/Plugins/NNE/NNEDenoiser/Content/NNE_oidn2-3-0_rt_hdr_calb_cnrm_large__dyn__fp16_opset11_ForwardAlpha.uasset" 853
"../../../Engine/Plugins/NNE/NNEDenoiser/Content/NNE_oidn2-3-0_rt_hdr_calb_cnrm_large__dyn__fp16_opset11_ForwardAlpha.uexp" 854
"../../../Engine/Plugins/2D/Paper2D/Content/DefaultSpriteMaterial.uasset" 855
"../../../Engine/Plugins/2D/Paper2D/Content/DefaultSpriteMaterial.uexp" 856
"../../../Engine/Plugins/2D/Paper2D/Content/MaskedUnlitSpriteMaterial.uasset" 857
"../../../Engine/Plugins/2D/Paper2D/Content/MaskedUnlitSpriteMaterial.uexp" 858
"../../../Engine/Plugins/2D/Paper2D/Content/OpaqueUnlitSpriteMaterial.uasset" 859
"../../../Engine/Plugins/2D/Paper2D/Content/OpaqueUnlitSpriteMaterial.uexp" 860
"../../../Engine/Content/VREditor/TransformGizmo/TranslucentTransformGizmoMaterial_Inst.uasset" 861
"../../../Engine/Content/VREditor/TransformGizmo/TranslucentTransformGizmoMaterial_Inst.uexp" 862
"../../../Engine/Content/VREditor/TransformGizmo/TransformGizmoMaterial_Inst.uasset" 863
"../../../Engine/Content/VREditor/TransformGizmo/TransformGizmoMaterial_Inst.uexp" 864
"../../../Engine/Content/VREditor/Sounds/UI/Drop_Item_From_ContentBrowser.ubulk" 865
"../../../Engine/Content/VREditor/Sounds/UI/Drop_Item_From_ContentBrowser.uasset" 866
"../../../Engine/Content/VREditor/Sounds/UI/Drop_Item_From_ContentBrowser.uexp" 867
"../../../Engine/Content/VREditor/TransformGizmo/UniformScaleHandle.ubulk" 868
"../../../Engine/Content/VREditor/TransformGizmo/UniformScaleHandle.uasset" 869
"../../../Engine/Content/VREditor/TransformGizmo/UniformScaleHandle.uexp" 870
"../../../Engine/Content/VREditor/TransformGizmo/TranslateArrowHandle.ubulk" 871
"../../../Engine/Content/VREditor/TransformGizmo/TranslateArrowHandle.uasset" 872
"../../../Engine/Content/VREditor/TransformGizmo/TranslateArrowHandle.uexp" 873
"../../../Engine/Content/Functions/Engine_MaterialFunctions02/SplitComponents.uasset" 874
"../../../Engine/Content/Functions/Engine_MaterialFunctions02/SplitComponents.uexp" 875
"../../../Engine/Content/VREditor/SnapGrid/SnapGridMaterial.uasset" 876
"../../../Engine/Content/VREditor/SnapGrid/SnapGridMaterial.uexp" 877
"../../../Engine/Content/VREditor/SnapGrid/SnapGridPlaneMesh.ubulk" 878
"../../../Engine/Content/VREditor/SnapGrid/SnapGridPlaneMesh.uasset" 879
"../../../Engine/Content/VREditor/SnapGrid/SnapGridPlaneMesh.uexp" 880
"../../../Engine/Content/VREditor/Sounds/UI/Gizmo_Handle_Clicked.ubulk" 881
"../../../Engine/Content/VREditor/Sounds/UI/Gizmo_Handle_Clicked.uasset" 882
"../../../Engine/Content/VREditor/Sounds/UI/Gizmo_Handle_Clicked.uexp" 883
"../../../Engine/Content/VREditor/Sounds/UI/Object_PickUp.ubulk" 884
"../../../Engine/Content/VREditor/Sounds/UI/Object_PickUp.uasset" 885
"../../../Engine/Content/VREditor/Sounds/UI/Object_PickUp.uexp" 886
"../../../Engine/Content/VREditor/Sounds/UI/Object_Snaps_To_Another_Actor.ubulk" 887
"../../../Engine/Content/VREditor/Sounds/UI/Object_Snaps_To_Another_Actor.uasset" 888
"../../../Engine/Content/VREditor/Sounds/UI/Object_Snaps_To_Another_Actor.uexp" 889
"../../../Engine/Content/VREditor/Sounds/UI/Object_Snaps_To_Grid.ubulk" 890
"../../../Engine/Content/VREditor/Sounds/UI/Object_Snaps_To_Grid.uasset" 891
"../../../Engine/Content/VREditor/Sounds/UI/Object_Snaps_To_Grid.uexp" 892
"../../../Engine/Content/VREditor/Sounds/UI/Scaling_Down.ubulk" 893
"../../../Engine/Content/VREditor/Sounds/UI/Scaling_Down.uasset" 894
"../../../Engine/Content/VREditor/Sounds/UI/Scaling_Down.uexp" 895
"../../../Engine/Content/VREditor/Sounds/UI/Scaling_Up.ubulk" 896
"../../../Engine/Content/VREditor/Sounds/UI/Scaling_Up.uasset" 897
"../../../Engine/Content/VREditor/Sounds/UI/Scaling_Up.uexp" 898
"../../../Engine/Content/VREditor/Sounds/UI/Selection_Changes.ubulk" 899
"../../../Engine/Content/VREditor/Sounds/UI/Selection_Changes.uasset" 900
"../../../Engine/Content/VREditor/Sounds/UI/Selection_Changes.uexp" 901
"../../../Engine/Content/VREditor/TransformGizmo/PlaneTranslationHandle.ubulk" 902
"../../../Engine/Content/VREditor/TransformGizmo/PlaneTranslationHandle.uasset" 903
"../../../Engine/Content/VREditor/TransformGizmo/PlaneTranslationHandle.uexp" 904
"../../../Engine/Content/VREditor/TransformGizmo/RotationHandleFull.ubulk" 905
"../../../Engine/Content/VREditor/TransformGizmo/RotationHandleFull.uasset" 906
"../../../Engine/Content/VREditor/TransformGizmo/RotationHandleFull.uexp" 907
"../../../Engine/Content/VREditor/TransformGizmo/RotationHandleIndicator.ubulk" 908
"../../../Engine/Content/VREditor/TransformGizmo/RotationHandleIndicator.uasset" 909
"../../../Engine/Content/VREditor/TransformGizmo/RotationHandleIndicator.uexp" 910
"../../../Engine/Content/VREditor/TransformGizmo/RotationHandleQuarter.ubulk" 911
"../../../Engine/Content/VREditor/TransformGizmo/RotationHandleQuarter.uasset" 912
"../../../Engine/Content/VREditor/TransformGizmo/RotationHandleQuarter.uexp" 913
"../../../Engine/Content/VREditor/TransformGizmo/StartRotationHandleIndicator.ubulk" 914
"../../../Engine/Content/VREditor/TransformGizmo/StartRotationHandleIndicator.uasset" 915
"../../../Engine/Content/VREditor/TransformGizmo/StartRotationHandleIndicator.uexp" 916
"../../../Engine/Content/VREditor/TransformGizmo/TransformGizmoFreeRotation.ubulk" 917
"../../../Engine/Content/VREditor/TransformGizmo/TransformGizmoFreeRotation.uasset" 918
"../../../Engine/Content/VREditor/TransformGizmo/TransformGizmoFreeRotation.uexp" 919
"../../../Engine/Plugins/Animation/DeformerGraph/Content/DeformerFunctions/DG_Function_LinearBlendSkin_Morph_Cloth.uasset" 920
"../../../Engine/Plugins/Animation/DeformerGraph/Content/DeformerFunctions/DG_Function_LinearBlendSkin_Morph_Cloth.uexp" 921
"../../../Engine/Plugins/Animation/DeformerGraph/Content/Deformers/DG_LinearBlendSkin_Morph_Cloth.uasset" 922
"../../../Engine/Plugins/Animation/DeformerGraph/Content/Deformers/DG_LinearBlendSkin_Morph_Cloth.uexp" 923
"../../../Engine/Plugins/Animation/DeformerGraph/Content/DeformerFunctions/DG_Function_LinearBlendSkin_Morph_Cloth_PositionOnly.uasset" 924
"../../../Engine/Plugins/Animation/DeformerGraph/Content/DeformerFunctions/DG_Function_LinearBlendSkin_Morph_Cloth_PositionOnly.uexp" 925
"../../../Engine/Plugins/Animation/DeformerGraph/Content/DeformerFunctions/DG_Function_ComputeNormalsTangents.uasset" 926
"../../../Engine/Plugins/Animation/DeformerGraph/Content/DeformerFunctions/DG_Function_ComputeNormalsTangents.uexp" 927
"../../../Engine/Plugins/Animation/DeformerGraph/Content/Deformers/DG_LinearBlendSkin_Morph_Cloth_RecomputeNormals.uasset" 928
"../../../Engine/Plugins/Animation/DeformerGraph/Content/Deformers/DG_LinearBlendSkin_Morph_Cloth_RecomputeNormals.uexp" 929
"../../../Engine/Content/EngineResources/LandscapeVisibilityLayerInfo.uasset" 930
"../../../Engine/Content/EngineResources/LandscapeVisibilityLayerInfo.uexp" 931
"../../../Engine/Plugins/NNE/NNEDenoiser/Content/NNEDT_Oidn2-3_Balanced.uasset" 932
"../../../Engine/Plugins/NNE/NNEDenoiser/Content/NNEDT_Oidn2-3_Balanced.uexp" 933
"../../../Engine/Plugins/NNE/NNEDenoiser/Content/NNEDT_Oidn2-3_Balanced_Alpha.uasset" 934
"../../../Engine/Plugins/NNE/NNEDenoiser/Content/NNEDT_Oidn2-3_Balanced_Alpha.uexp" 935
"../../../Engine/Plugins/NNE/NNEDenoiser/Content/NNED_Oidn2-3_Balanced.uasset" 936
"../../../Engine/Plugins/NNE/NNEDenoiser/Content/NNED_Oidn2-3_Balanced.uexp" 937
"../../../Engine/Plugins/NNE/NNEDenoiser/Content/NNED_Oidn2-3_Balanced_Alpha.uasset" 938
"../../../Engine/Plugins/NNE/NNEDenoiser/Content/NNED_Oidn2-3_Balanced_Alpha.uexp" 939
"../../../Engine/Plugins/NNE/NNEDenoiser/Content/NNED_Oidn2-3_Fast.uasset" 940
"../../../Engine/Plugins/NNE/NNEDenoiser/Content/NNED_Oidn2-3_Fast.uexp" 941
"../../../Engine/Plugins/NNE/NNEDenoiser/Content/NNED_Oidn2-3_Fast_Alpha.uasset" 942
"../../../Engine/Plugins/NNE/NNEDenoiser/Content/NNED_Oidn2-3_Fast_Alpha.uexp" 943
"../../../Engine/Plugins/NNE/NNEDenoiser/Content/NNED_Oidn2-3_HighQuality.uasset" 944
"../../../Engine/Plugins/NNE/NNEDenoiser/Content/NNED_Oidn2-3_HighQuality.uexp" 945
"../../../Engine/Plugins/NNE/NNEDenoiser/Content/NNED_Oidn2-3_HighQuality_Alpha.uasset" 946
"../../../Engine/Plugins/NNE/NNEDenoiser/Content/NNED_Oidn2-3_HighQuality_Alpha.uexp" 947
"C:/Users/Tyler/Documents/Unreal Projects/SpireBreaker/Content/Tyler/Blueprints/BP_TitleMenuGameMode.uasset" 948
"C:/Users/Tyler/Documents/Unreal Projects/SpireBreaker/Content/Tyler/Blueprints/BP_TitleMenuGameMode.uexp" 949
"../../../Engine/Content/EngineMaterials/DefaultMaterial.uasset" 950
"../../../Engine/Content/EngineMaterials/DefaultMaterial.uexp" 951
"../../../Engine/Content/BasicShapes/Sphere.ubulk" 952
"../../../Engine/Content/BasicShapes/Sphere.uasset" 953
"../../../Engine/Content/BasicShapes/Sphere.uexp" 954
"C:/Users/Tyler/Documents/Unreal Projects/SpireBreaker/Content/Tyler/Blueprints/AC_HealthComponent.uasset" 955
"C:/Users/Tyler/Documents/Unreal Projects/SpireBreaker/Content/Tyler/Blueprints/AC_HealthComponent.uexp" 956
"../../../Engine/Content/BasicShapes/Cube.ubulk" 957
"../../../Engine/Content/BasicShapes/Cube.uasset" 958
"../../../Engine/Content/BasicShapes/Cube.uexp" 959
"C:/Users/Tyler/Documents/Unreal Projects/SpireBreaker/Content/Gianna/Materials/M_StarterCampPOI.uasset" 960
"C:/Users/Tyler/Documents/Unreal Projects/SpireBreaker/Content/Gianna/Materials/M_StarterCampPOI.uexp" 961
"C:/Users/Tyler/Documents/Unreal Projects/SpireBreaker/Content/Tyler/Materials/M_Beacon.uasset" 962
"C:/Users/Tyler/Documents/Unreal Projects/SpireBreaker/Content/Tyler/Materials/M_Beacon.uexp" 963
"C:/Users/Tyler/Documents/Unreal Projects/SpireBreaker/Content/Tyler/Blueprints/SM_Beacon.ubulk" 964
"C:/Users/Tyler/Documents/Unreal Projects/SpireBreaker/Content/Tyler/Blueprints/SM_Beacon.uasset" 965
"C:/Users/Tyler/Documents/Unreal Projects/SpireBreaker/Content/Tyler/Blueprints/SM_Beacon.uexp" 966
"C:/Users/Tyler/Documents/Unreal Projects/SpireBreaker/Content/Tyler/Blueprints/BP_Beacon.uasset" 967
"C:/Users/Tyler/Documents/Unreal Projects/SpireBreaker/Content/Tyler/Blueprints/BP_Beacon.uexp" 968
"C:/Users/Tyler/Documents/Unreal Projects/SpireBreaker/Content/Xavier/Blueprints/BP_Door.uasset" 969
"C:/Users/Tyler/Documents/Unreal Projects/SpireBreaker/Content/Xavier/Blueprints/BP_Door.uexp" 970
"C:/Users/Tyler/Documents/Unreal Projects/SpireBreaker/Content/Tyler/Blueprints/Interfaces/BPI_Enemy.uasset" 971
"C:/Users/Tyler/Documents/Unreal Projects/SpireBreaker/Content/Tyler/Blueprints/Interfaces/BPI_Enemy.uexp" 972
"C:/Users/Tyler/Documents/Unreal Projects/SpireBreaker/Content/Tyler/Blueprints/Interfaces/BPI_Player.uasset" 973
"C:/Users/Tyler/Documents/Unreal Projects/SpireBreaker/Content/Tyler/Blueprints/Interfaces/BPI_Player.uexp" 974
"C:/Users/Tyler/Documents/Unreal Projects/SpireBreaker/Content/Xavier/Blueprints/BP_KeySpawnPoint.uasset" 975
"C:/Users/Tyler/Documents/Unreal Projects/SpireBreaker/Content/Xavier/Blueprints/BP_KeySpawnPoint.uexp" 976
"../../../Engine/Content/BasicShapes/Cylinder.ubulk" 977
"../../../Engine/Content/BasicShapes/Cylinder.uasset" 978
"../../../Engine/Content/BasicShapes/Cylinder.uexp" 979
"../../../Engine/Content/BasicShapes/BasicShapeMaterial.uasset" 980
"../../../Engine/Content/BasicShapes/BasicShapeMaterial.uexp" 981
"C:/Users/Tyler/Documents/Unreal Projects/SpireBreaker/Content/Xavier/Materials/M_Coin.uasset" 982
"C:/Users/Tyler/Documents/Unreal Projects/SpireBreaker/Content/Xavier/Materials/M_Coin.uexp" 983
"C:/Users/Tyler/Documents/Unreal Projects/SpireBreaker/Content/Tyler/Blueprints/Interfaces/BPI_Coin.uasset" 984
"C:/Users/Tyler/Documents/Unreal Projects/SpireBreaker/Content/Tyler/Blueprints/Interfaces/BPI_Coin.uexp" 985
"C:/Users/Tyler/Documents/Unreal Projects/SpireBreaker/Content/Xavier/Blueprints/BP_Coin.uasset" 986
"C:/Users/Tyler/Documents/Unreal Projects/SpireBreaker/Content/Xavier/Blueprints/BP_Coin.uexp" 987
"C:/Users/Tyler/Documents/Unreal Projects/SpireBreaker/Content/Xavier/Materials/M_Key.uasset" 988
"C:/Users/Tyler/Documents/Unreal Projects/SpireBreaker/Content/Xavier/Materials/M_Key.uexp" 989
"C:/Users/Tyler/Documents/Unreal Projects/SpireBreaker/Content/Tyler/Blueprints/Interfaces/BPI_Key.uasset" 990
"C:/Users/Tyler/Documents/Unreal Projects/SpireBreaker/Content/Tyler/Blueprints/Interfaces/BPI_Key.uexp" 991
"C:/Users/Tyler/Documents/Unreal Projects/SpireBreaker/Content/Xavier/Blueprints/BP_Key.uasset" 992
"C:/Users/Tyler/Documents/Unreal Projects/SpireBreaker/Content/Xavier/Blueprints/BP_Key.uexp" 993
"C:/Users/Tyler/Documents/Unreal Projects/SpireBreaker/Content/Tyler/Blueprints/BP_PlayerController.uasset" 994
"C:/Users/Tyler/Documents/Unreal Projects/SpireBreaker/Content/Tyler/Blueprints/BP_PlayerController.uexp" 995
"C:/Users/Tyler/Documents/Unreal Projects/SpireBreaker/Content/Tyler/Blueprints/BP_GameMode.uasset" 996
"C:/Users/Tyler/Documents/Unreal Projects/SpireBreaker/Content/Tyler/Blueprints/BP_GameMode.uexp" 997
"C:/Users/Tyler/Documents/Unreal Projects/SpireBreaker/Content/Tyler/Materials/M_BasicAttackSphere.uasset" 998
"C:/Users/Tyler/Documents/Unreal Projects/SpireBreaker/Content/Tyler/Materials/M_BasicAttackSphere.uexp" 999
"C:/Users/Tyler/Documents/Unreal Projects/SpireBreaker/Content/Tyler/Materials/M_DashAttackSphere.uasset" 1000
"C:/Users/Tyler/Documents/Unreal Projects/SpireBreaker/Content/Tyler/Materials/M_DashAttackSphere.uexp" 1001
"C:/Users/Tyler/Documents/Unreal Projects/SpireBreaker/Content/Tyler/Inputs/Actions/IA_SwitchArchetype.uasset" 1002
"C:/Users/Tyler/Documents/Unreal Projects/SpireBreaker/Content/Tyler/Inputs/Actions/IA_SwitchArchetype.uexp" 1003
"C:/Users/Tyler/Documents/Unreal Projects/SpireBreaker/Content/Tyler/Inputs/Actions/IA_Sprint.uasset" 1004
"C:/Users/Tyler/Documents/Unreal Projects/SpireBreaker/Content/Tyler/Inputs/Actions/IA_Sprint.uexp" 1005
"C:/Users/Tyler/Documents/Unreal Projects/SpireBreaker/Content/Tyler/Inputs/Actions/IA_Move.uasset" 1006
"C:/Users/Tyler/Documents/Unreal Projects/SpireBreaker/Content/Tyler/Inputs/Actions/IA_Move.uexp" 1007
"C:/Users/Tyler/Documents/Unreal Projects/SpireBreaker/Content/Tyler/Inputs/Actions/IA_Jump.uasset" 1008
"C:/Users/Tyler/Documents/Unreal Projects/SpireBreaker/Content/Tyler/Inputs/Actions/IA_Jump.uexp" 1009
"C:/Users/Tyler/Documents/Unreal Projects/SpireBreaker/Content/Tyler/Inputs/Actions/IA_CameraRotate.uasset" 1010
"C:/Users/Tyler/Documents/Unreal Projects/SpireBreaker/Content/Tyler/Inputs/Actions/IA_CameraRotate.uexp" 1011
"C:/Users/Tyler/Documents/Unreal Projects/SpireBreaker/Content/Tyler/Inputs/Actions/IA_Attack.uasset" 1012
"C:/Users/Tyler/Documents/Unreal Projects/SpireBreaker/Content/Tyler/Inputs/Actions/IA_Attack.uexp" 1013
"C:/Users/Tyler/Documents/Unreal Projects/SpireBreaker/Content/Tyler/Inputs/Actions/IA_Ability.uasset" 1014
"C:/Users/Tyler/Documents/Unreal Projects/SpireBreaker/Content/Tyler/Inputs/Actions/IA_Ability.uexp" 1015
"C:/Users/Tyler/Documents/Unreal Projects/SpireBreaker/Content/Tyler/Inputs/Actions/IA_Pause.uasset" 1016
"C:/Users/Tyler/Documents/Unreal Projects/SpireBreaker/Content/Tyler/Inputs/Actions/IA_Pause.uexp" 1017
"C:/Users/Tyler/Documents/Unreal Projects/SpireBreaker/Content/Tyler/Inputs/IMC_PlayerControls.uasset" 1018
"C:/Users/Tyler/Documents/Unreal Projects/SpireBreaker/Content/Tyler/Inputs/IMC_PlayerControls.uexp" 1019
"../../../Engine/Plugins/FX/Niagara/Content/DefaultAssets/DefaultRIbbonMaterial.uasset" 1020
"../../../Engine/Plugins/FX/Niagara/Content/DefaultAssets/DefaultRIbbonMaterial.uexp" 1021
"C:/Users/Tyler/Documents/Unreal Projects/SpireBreaker/Content/Tyler/Particles/NS_Trail.uasset" 1022
"C:/Users/Tyler/Documents/Unreal Projects/SpireBreaker/Content/Tyler/Particles/NS_Trail.uexp" 1023
"C:/Users/Tyler/Documents/Unreal Projects/SpireBreaker/Content/Tyler/Materials/M_ArrowHead.uasset" 1024
"C:/Users/Tyler/Documents/Unreal Projects/SpireBreaker/Content/Tyler/Materials/M_ArrowHead.uexp" 1025
"C:/Users/Tyler/Documents/Unreal Projects/SpireBreaker/Content/Tyler/Blueprints/GrapplingHook/SM_GrapplingHook.ubulk" 1026
"C:/Users/Tyler/Documents/Unreal Projects/SpireBreaker/Content/Tyler/Blueprints/GrapplingHook/SM_GrapplingHook.uasset" 1027
"C:/Users/Tyler/Documents/Unreal Projects/SpireBreaker/Content/Tyler/Blueprints/GrapplingHook/SM_GrapplingHook.uexp" 1028
"C:/Users/Tyler/Documents/Unreal Projects/SpireBreaker/Content/Tyler/Blueprints/BP_PlayerProjectile.uasset" 1029
"C:/Users/Tyler/Documents/Unreal Projects/SpireBreaker/Content/Tyler/Blueprints/BP_PlayerProjectile.uexp" 1030
"C:/Users/Tyler/Documents/Unreal Projects/SpireBreaker/Content/Tyler/Blueprints/Interfaces/BPI_HealthPack.uasset" 1031
"C:/Users/Tyler/Documents/Unreal Projects/SpireBreaker/Content/Tyler/Blueprints/Interfaces/BPI_HealthPack.uexp" 1032
"C:/Users/Tyler/Documents/Unreal Projects/SpireBreaker/Content/Tyler/Blueprints/UI/WBP_Controls.uasset" 1033
"C:/Users/Tyler/Documents/Unreal Projects/SpireBreaker/Content/Tyler/Blueprints/UI/WBP_Controls.uexp" 1034
"C:/Users/Tyler/Documents/Unreal Projects/SpireBreaker/Content/Tyler/Blueprints/UI/WBP_PauseMenu.uasset" 1035
"C:/Users/Tyler/Documents/Unreal Projects/SpireBreaker/Content/Tyler/Blueprints/UI/WBP_PauseMenu.uexp" 1036
"C:/Users/Tyler/Documents/Unreal Projects/SpireBreaker/Content/Tyler/Blueprints/Enums/E_CharacterArchetype.uasset" 1037
"C:/Users/Tyler/Documents/Unreal Projects/SpireBreaker/Content/Tyler/Blueprints/Enums/E_CharacterArchetype.uexp" 1038
"C:/Users/Tyler/Documents/Unreal Projects/SpireBreaker/Content/Tyler/Blueprints/UI/WBP_GameOver.uasset" 1039
"C:/Users/Tyler/Documents/Unreal Projects/SpireBreaker/Content/Tyler/Blueprints/UI/WBP_GameOver.uexp" 1040
"C:/Users/Tyler/Documents/Unreal Projects/SpireBreaker/Content/Tyler/Blueprints/UI/AbilityIcons/GrappleRechargingIcon.uasset" 1041
"C:/Users/Tyler/Documents/Unreal Projects/SpireBreaker/Content/Tyler/Blueprints/UI/AbilityIcons/GrappleRechargingIcon.uexp" 1042
"C:/Users/Tyler/Documents/Unreal Projects/SpireBreaker/Content/Tyler/Blueprints/UI/AbilityIcons/GrappleIcon.uasset" 1043
"C:/Users/Tyler/Documents/Unreal Projects/SpireBreaker/Content/Tyler/Blueprints/UI/AbilityIcons/GrappleIcon.uexp" 1044
"C:/Users/Tyler/Documents/Unreal Projects/SpireBreaker/Content/Tyler/Blueprints/UI/AbilityIcons/DashIcon.uasset" 1045
"C:/Users/Tyler/Documents/Unreal Projects/SpireBreaker/Content/Tyler/Blueprints/UI/AbilityIcons/DashIcon.uexp" 1046
"C:/Users/Tyler/Documents/Unreal Projects/SpireBreaker/Content/Tyler/Blueprints/UI/AbilityIcons/DashRechargingIcon.uasset" 1047
"C:/Users/Tyler/Documents/Unreal Projects/SpireBreaker/Content/Tyler/Blueprints/UI/AbilityIcons/DashRechargingIcon.uexp" 1048
"C:/Users/Tyler/Documents/Unreal Projects/SpireBreaker/Content/Tyler/Blueprints/UI/WBP_HUD.uasset" 1049
"C:/Users/Tyler/Documents/Unreal Projects/SpireBreaker/Content/Tyler/Blueprints/UI/WBP_HUD.uexp" 1050
"C:/Users/Tyler/Documents/Unreal Projects/SpireBreaker/Content/CR/LQ/AMT_Materials/M_Master/M_Master.uasset" 1051
"C:/Users/Tyler/Documents/Unreal Projects/SpireBreaker/Content/CR/LQ/AMT_Materials/M_Master/M_Master.uexp" 1052
"C:/Users/Tyler/Documents/Unreal Projects/SpireBreaker/Content/CR/LQ/AMT_Materials/MI_009_7.uasset" 1053
"C:/Users/Tyler/Documents/Unreal Projects/SpireBreaker/Content/CR/LQ/AMT_Materials/MI_009_7.uexp" 1054
"C:/Users/Tyler/Documents/Unreal Projects/SpireBreaker/Content/CR/LQ/AMT_Materials/MI_006_5.uasset" 1055
"C:/Users/Tyler/Documents/Unreal Projects/SpireBreaker/Content/CR/LQ/AMT_Materials/MI_006_5.uexp" 1056
"C:/Users/Tyler/Documents/Unreal Projects/SpireBreaker/Content/Tyler/Blueprints/Enums/E_GrappleState.uasset" 1057
"C:/Users/Tyler/Documents/Unreal Projects/SpireBreaker/Content/Tyler/Blueprints/Enums/E_GrappleState.uexp" 1058
"C:/Users/Tyler/Documents/Unreal Projects/SpireBreaker/Content/Tyler/Blueprints/GrapplingHook/BP_GrapplingHook.uasset" 1059
"C:/Users/Tyler/Documents/Unreal Projects/SpireBreaker/Content/Tyler/Blueprints/GrapplingHook/BP_GrapplingHook.uexp" 1060
"C:/Users/Tyler/Documents/Unreal Projects/SpireBreaker/Content/Tyler/Blueprints/GrapplingHook/BP_Cable.uasset" 1061
"C:/Users/Tyler/Documents/Unreal Projects/SpireBreaker/Content/Tyler/Blueprints/GrapplingHook/BP_Cable.uexp" 1062
"C:/Users/Tyler/Documents/Unreal Projects/SpireBreaker/Content/Tyler/Blueprints/GrapplingHook/AC_Grapple.uasset" 1063
"C:/Users/Tyler/Documents/Unreal Projects/SpireBreaker/Content/Tyler/Blueprints/GrapplingHook/AC_Grapple.uexp" 1064
"C:/Users/Tyler/Documents/Unreal Projects/SpireBreaker/Content/CR/LQ/AMT_Materials/M_Master/M_MasterMetal.uasset" 1065
"C:/Users/Tyler/Documents/Unreal Projects/SpireBreaker/Content/CR/LQ/AMT_Materials/M_Master/M_MasterMetal.uexp" 1066
"C:/Users/Tyler/Documents/Unreal Projects/SpireBreaker/Content/CR/LQ/AMT_Materials/MI_Metal_001_1.uasset" 1067
"C:/Users/Tyler/Documents/Unreal Projects/SpireBreaker/Content/CR/LQ/AMT_Materials/MI_Metal_001_1.uexp" 1068
"C:/Users/Tyler/Documents/Unreal Projects/SpireBreaker/Content/CR/LQ/AMT_Materials/MI_Metal_001_3.uasset" 1069
"C:/Users/Tyler/Documents/Unreal Projects/SpireBreaker/Content/CR/LQ/AMT_Materials/MI_Metal_001_3.uexp" 1070
"C:/Users/Tyler/Documents/Unreal Projects/SpireBreaker/Content/CR/Demo/Meshes/SK_Mannequin.uasset" 1071
"C:/Users/Tyler/Documents/Unreal Projects/SpireBreaker/Content/CR/Demo/Meshes/SK_Mannequin.uexp" 1072
"C:/Users/Tyler/Documents/Unreal Projects/SpireBreaker/Content/CR/LQ/AMT_Materials/MI_002_6.uasset" 1073
"C:/Users/Tyler/Documents/Unreal Projects/SpireBreaker/Content/CR/LQ/AMT_Materials/MI_002_6.uexp" 1074
"C:/Users/Tyler/Documents/Unreal Projects/SpireBreaker/Content/CR/LQ/AMT_Materials/MI_001_9.uasset" 1075
"C:/Users/Tyler/Documents/Unreal Projects/SpireBreaker/Content/CR/LQ/AMT_Materials/MI_001_9.uexp" 1076
"C:/Users/Tyler/Documents/Unreal Projects/SpireBreaker/Content/CR/LQ/AMT_Physics/PA_FullBody.uasset" 1077
"C:/Users/Tyler/Documents/Unreal Projects/SpireBreaker/Content/CR/LQ/AMT_Physics/PA_FullBody.uexp" 1078
"C:/Users/Tyler/Documents/Unreal Projects/SpireBreaker/Content/CR/LQ/CharacterModular/Modular_012_Grian01/Mesh/SKM_Grian01_1.uasset" 1079
"C:/Users/Tyler/Documents/Unreal Projects/SpireBreaker/Content/CR/LQ/CharacterModular/Modular_012_Grian01/Mesh/SKM_Grian01_1.uexp" 1080
"C:/Users/Tyler/Documents/Unreal Projects/SpireBreaker/Content/Tyler/Blueprints/BP_PlayerCharacter.uasset" 1081
"C:/Users/Tyler/Documents/Unreal Projects/SpireBreaker/Content/Tyler/Blueprints/BP_PlayerCharacter.uexp" 1082
"C:/Users/Tyler/Documents/Unreal Projects/SpireBreaker/Content/Tyler/Blueprints/BP_GameInstance.uasset" 1083
"C:/Users/Tyler/Documents/Unreal Projects/SpireBreaker/Content/Tyler/Blueprints/BP_GameInstance.uexp" 1084
"C:/Users/Tyler/Documents/Unreal Projects/SpireBreaker/Content/Tyler/Blueprints/UI/WBP_Victory.uasset" 1085
"C:/Users/Tyler/Documents/Unreal Projects/SpireBreaker/Content/Tyler/Blueprints/UI/WBP_Victory.uexp" 1086
"C:/Users/Tyler/Documents/Unreal Projects/SpireBreaker/Content/Tyler/Blueprints/UI/BP_UIManager.uasset" 1087
"C:/Users/Tyler/Documents/Unreal Projects/SpireBreaker/Content/Tyler/Blueprints/UI/BP_UIManager.uexp" 1088
"C:/Users/Tyler/Documents/Unreal Projects/SpireBreaker/Content/Gianna/VictoryScreen.uexp" 1089
"C:/Users/Tyler/Documents/Unreal Projects/SpireBreaker/Content/Gianna/VictoryScreen.umap" 1090
"C:/Users/Tyler/Documents/Unreal Projects/SpireBreaker/Content/Gianna/WBP_TitleMenu.uasset" 1091
"C:/Users/Tyler/Documents/Unreal Projects/SpireBreaker/Content/Gianna/WBP_TitleMenu.uexp" 1092
"C:/Users/Tyler/Documents/Unreal Projects/SpireBreaker/Content/Gianna/TitleMenu.uexp" 1093
"C:/Users/Tyler/Documents/Unreal Projects/SpireBreaker/Content/Gianna/TitleMenu.umap" 1094
"../../../Engine/Content/MapTemplates/SM_Template_Map_Floor.ubulk" 1095
"../../../Engine/Content/MapTemplates/SM_Template_Map_Floor.uasset" 1096
"../../../Engine/Content/MapTemplates/SM_Template_Map_Floor.uexp" 1097
"../../../Engine/Content/EngineSky/VolumetricClouds/VT_PerlinWorley_Balanced.uasset" 1098
"../../../Engine/Content/EngineSky/VolumetricClouds/VT_PerlinWorley_Balanced.uexp" 1099
"../../../Engine/Content/EngineSky/VolumetricClouds/T_Profile_08.ubulk" 1100
"../../../Engine/Content/EngineSky/VolumetricClouds/T_Profile_08.uasset" 1101
"../../../Engine/Content/EngineSky/VolumetricClouds/T_Profile_08.uexp" 1102
"../../../Engine/Content/EngineSky/VolumetricClouds/T_CloudPattern.ubulk" 1103
"../../../Engine/Content/EngineSky/VolumetricClouds/T_CloudPattern.uasset" 1104
"../../../Engine/Content/EngineSky/VolumetricClouds/T_CloudPattern.uexp" 1105
"../../../Engine/Content/EngineSky/VolumetricClouds/T_CloudMask.ubulk" 1106
"../../../Engine/Content/EngineSky/VolumetricClouds/T_CloudMask.uasset" 1107
"../../../Engine/Content/EngineSky/VolumetricClouds/T_CloudMask.uexp" 1108
"../../../Engine/Content/Functions/Engine_MaterialFunctions02/Utility/BreakOutFloat4Components.uasset" 1109
"../../../Engine/Content/Functions/Engine_MaterialFunctions02/Utility/BreakOutFloat4Components.uexp" 1110
"../../../Engine/Content/Functions/Engine_MaterialFunctions02/Utility/MakeFloat4.uasset" 1111
"../../../Engine/Content/Functions/Engine_MaterialFunctions02/Utility/MakeFloat4.uexp" 1112
"../../../Engine/Content/EngineResources/DefaultVolumeTexture2D.uasset" 1113
"../../../Engine/Content/EngineResources/DefaultVolumeTexture2D.uexp" 1114
"../../../Engine/Content/EngineResources/DefaultVolumeTexture.uasset" 1115
"../../../Engine/Content/EngineResources/DefaultVolumeTexture.uexp" 1116
"../../../Engine/Content/EngineSky/VolumetricClouds/VT_Lightning.uasset" 1117
"../../../Engine/Content/EngineSky/VolumetricClouds/VT_Lightning.uexp" 1118
"../../../Engine/Content/Functions/Engine_MaterialFunctions01/Units/Km-to-Cm.uasset" 1119
"../../../Engine/Content/Functions/Engine_MaterialFunctions01/Units/Km-to-Cm.uexp" 1120
"../../../Engine/Content/EngineSky/VolumetricClouds/m_SimpleVolumetricCloud.uasset" 1121
"../../../Engine/Content/EngineSky/VolumetricClouds/m_SimpleVolumetricCloud.uexp" 1122
"../../../Engine/Content/EngineSky/VolumetricClouds/m_SimpleVolumetricCloud_Inst.uasset" 1123
"../../../Engine/Content/EngineSky/VolumetricClouds/m_SimpleVolumetricCloud_Inst.uexp" 1124
"C:/Users/Tyler/Documents/Unreal Projects/SpireBreaker/Content/Tyler/Materials/M_Ground.uasset" 1125
"C:/Users/Tyler/Documents/Unreal Projects/SpireBreaker/Content/Tyler/Materials/M_Ground.uexp" 1126
"C:/Users/Tyler/Documents/Unreal Projects/SpireBreaker/Content/Xavier/Materials/M_SunsetOutpostBlockOut.uasset" 1127
"C:/Users/Tyler/Documents/Unreal Projects/SpireBreaker/Content/Xavier/Materials/M_SunsetOutpostBlockOut.uexp" 1128
"C:/Users/Tyler/Documents/Unreal Projects/SpireBreaker/Content/Xavier/Materials/M_Grass.uasset" 1129
"C:/Users/Tyler/Documents/Unreal Projects/SpireBreaker/Content/Xavier/Materials/M_Grass.uexp" 1130
"C:/Users/Tyler/Documents/Unreal Projects/SpireBreaker/Content/Xavier/Materials/M_EmberWoodsBlockOut.uasset" 1131
"C:/Users/Tyler/Documents/Unreal Projects/SpireBreaker/Content/Xavier/Materials/M_EmberWoodsBlockOut.uexp" 1132
"C:/Users/Tyler/Documents/Unreal Projects/SpireBreaker/Content/Xavier/Materials/M_CrystalCavernBlockOut.uasset" 1133
"C:/Users/Tyler/Documents/Unreal Projects/SpireBreaker/Content/Xavier/Materials/M_CrystalCavernBlockOut.uexp" 1134
"C:/Users/Tyler/Documents/Unreal Projects/SpireBreaker/Content/Xavier/Materials/M_CastleGateBlockOut.uasset" 1135
"C:/Users/Tyler/Documents/Unreal Projects/SpireBreaker/Content/Xavier/Materials/M_CastleGateBlockOut.uexp" 1136
"C:/Users/Tyler/Documents/Unreal Projects/SpireBreaker/Content/Xavier/Enemies/BTTask_Roam.uasset" 1137
"C:/Users/Tyler/Documents/Unreal Projects/SpireBreaker/Content/Xavier/Enemies/BTTask_Roam.uexp" 1138
"C:/Users/Tyler/Documents/Unreal Projects/SpireBreaker/Content/Xavier/Enemies/BB_EnemyBlackBoard.uasset" 1139
"C:/Users/Tyler/Documents/Unreal Projects/SpireBreaker/Content/Xavier/Enemies/BB_EnemyBlackBoard.uexp" 1140
"C:/Users/Tyler/Documents/Unreal Projects/SpireBreaker/Content/Xavier/Enemies/Tasks/BTTask_ChasePlayer.uasset" 1141
"C:/Users/Tyler/Documents/Unreal Projects/SpireBreaker/Content/Xavier/Enemies/Tasks/BTTask_ChasePlayer.uexp" 1142
"C:/Users/Tyler/Documents/Unreal Projects/SpireBreaker/Content/Xavier/Enemies/BTTask_EnemyAttack.uasset" 1143
"C:/Users/Tyler/Documents/Unreal Projects/SpireBreaker/Content/Xavier/Enemies/BTTask_EnemyAttack.uexp" 1144
"C:/Users/Tyler/Documents/Unreal Projects/SpireBreaker/Content/Xavier/Enemies/BT_EnemyBehavior.uasset" 1145
"C:/Users/Tyler/Documents/Unreal Projects/SpireBreaker/Content/Xavier/Enemies/BT_EnemyBehavior.uexp" 1146
"C:/Users/Tyler/Documents/Unreal Projects/SpireBreaker/Content/Xavier/Enemies/BP_EnemyController.uasset" 1147
"C:/Users/Tyler/Documents/Unreal Projects/SpireBreaker/Content/Xavier/Enemies/BP_EnemyController.uexp" 1148
"C:/Users/Tyler/Documents/Unreal Projects/SpireBreaker/Content/Tyler/Materials/M_EnemyBase.uasset" 1149
"C:/Users/Tyler/Documents/Unreal Projects/SpireBreaker/Content/Tyler/Materials/M_EnemyBase.uexp" 1150
"C:/Users/Tyler/Documents/Unreal Projects/SpireBreaker/Content/Xavier/Enemies/BP_Enemy.uasset" 1151
"C:/Users/Tyler/Documents/Unreal Projects/SpireBreaker/Content/Xavier/Enemies/BP_Enemy.uexp" 1152
"C:/Users/Tyler/Documents/Unreal Projects/SpireBreaker/Content/Xavier/Enemies/BP_EnemySpawner.uasset" 1153
"C:/Users/Tyler/Documents/Unreal Projects/SpireBreaker/Content/Xavier/Enemies/BP_EnemySpawner.uexp" 1154
"../../../Engine/Content/BasicShapes/Cone.ubulk" 1155
"../../../Engine/Content/BasicShapes/Cone.uasset" 1156
"../../../Engine/Content/BasicShapes/Cone.uexp" 1157
"C:/Users/Tyler/Documents/Unreal Projects/SpireBreaker/Content/Xavier/Materials/M_EnviroHaz.uasset" 1158
"C:/Users/Tyler/Documents/Unreal Projects/SpireBreaker/Content/Xavier/Materials/M_EnviroHaz.uexp" 1159
"C:/Users/Tyler/Documents/Unreal Projects/SpireBreaker/Content/Xavier/Blueprints/BP_Spike.uasset" 1160
"C:/Users/Tyler/Documents/Unreal Projects/SpireBreaker/Content/Xavier/Blueprints/BP_Spike.uexp" 1161
"C:/Users/Tyler/Documents/Unreal Projects/SpireBreaker/Content/Xavier/Blueprints/BP_Lake.uasset" 1162
"C:/Users/Tyler/Documents/Unreal Projects/SpireBreaker/Content/Xavier/Blueprints/BP_Lake.uexp" 1163
"C:/Users/Tyler/Documents/Unreal Projects/SpireBreaker/Content/Tyler/Blueprints/BP_RespawnManager.uasset" 1164
"C:/Users/Tyler/Documents/Unreal Projects/SpireBreaker/Content/Tyler/Blueprints/BP_RespawnManager.uexp" 1165
"C:/Users/Tyler/Documents/Unreal Projects/SpireBreaker/Content/Tyler/Blueprints/BP_DeathZone.uasset" 1166
"C:/Users/Tyler/Documents/Unreal Projects/SpireBreaker/Content/Tyler/Blueprints/BP_DeathZone.uexp" 1167
"C:/Users/Tyler/Documents/Unreal Projects/SpireBreaker/Content/Tyler/Materials/M_CheckpointClaimed.uasset" 1168
"C:/Users/Tyler/Documents/Unreal Projects/SpireBreaker/Content/Tyler/Materials/M_CheckpointClaimed.uexp" 1169
"C:/Users/Tyler/Documents/Unreal Projects/SpireBreaker/Content/Tyler/Materials/M_Checkpoint.uasset" 1170
"C:/Users/Tyler/Documents/Unreal Projects/SpireBreaker/Content/Tyler/Materials/M_Checkpoint.uexp" 1171
"C:/Users/Tyler/Documents/Unreal Projects/SpireBreaker/Content/Tyler/Blueprints/BP_Checkpoint.uasset" 1172
"C:/Users/Tyler/Documents/Unreal Projects/SpireBreaker/Content/Tyler/Blueprints/BP_Checkpoint.uexp" 1173
"C:/Users/Tyler/Documents/Unreal Projects/SpireBreaker/Content/Gianna/Materials/M_Cloud.uasset" 1174
"C:/Users/Tyler/Documents/Unreal Projects/SpireBreaker/Content/Gianna/Materials/M_Cloud.uexp" 1175
"C:/Users/Tyler/Documents/Unreal Projects/SpireBreaker/Content/Gianna/Prefabs/BP_Cloud.uasset" 1176
"C:/Users/Tyler/Documents/Unreal Projects/SpireBreaker/Content/Gianna/Prefabs/BP_Cloud.uexp" 1177
"C:/Users/Tyler/Documents/Unreal Projects/SpireBreaker/Content/Gianna/Materials/M_Beanstalk.uasset" 1178
"C:/Users/Tyler/Documents/Unreal Projects/SpireBreaker/Content/Gianna/Materials/M_Beanstalk.uexp" 1179
"C:/Users/Tyler/Documents/Unreal Projects/SpireBreaker/Content/Xavier/Materials/M_EndLevelDoor.uasset" 1180
"C:/Users/Tyler/Documents/Unreal Projects/SpireBreaker/Content/Xavier/Materials/M_EndLevelDoor.uexp" 1181
"C:/Users/Tyler/Documents/Unreal Projects/SpireBreaker/Content/Xavier/Blueprints/BP_EndLevelDoor.uasset" 1182
"C:/Users/Tyler/Documents/Unreal Projects/SpireBreaker/Content/Xavier/Blueprints/BP_EndLevelDoor.uexp" 1183
"C:/Users/Tyler/Documents/Unreal Projects/SpireBreaker/Content/Gianna/Materials/M_YellowCorolla.uasset" 1184
"C:/Users/Tyler/Documents/Unreal Projects/SpireBreaker/Content/Gianna/Materials/M_YellowCorolla.uexp" 1185
"C:/Users/Tyler/Documents/Unreal Projects/SpireBreaker/Content/Gianna/Materials/M_FlowerPetal.uasset" 1186
"C:/Users/Tyler/Documents/Unreal Projects/SpireBreaker/Content/Gianna/Materials/M_FlowerPetal.uexp" 1187
"C:/Users/Tyler/Documents/Unreal Projects/SpireBreaker/Content/Gianna/Prefabs/BP_Flower.uasset" 1188
"C:/Users/Tyler/Documents/Unreal Projects/SpireBreaker/Content/Gianna/Prefabs/BP_Flower.uexp" 1189
"C:/Users/Tyler/Documents/Unreal Projects/SpireBreaker/Content/Tyler/Materials/M_HealthPackBody.uasset" 1190
"C:/Users/Tyler/Documents/Unreal Projects/SpireBreaker/Content/Tyler/Materials/M_HealthPackBody.uexp" 1191
"C:/Users/Tyler/Documents/Unreal Projects/SpireBreaker/Content/Tyler/Materials/M_HealthCross.uasset" 1192
"C:/Users/Tyler/Documents/Unreal Projects/SpireBreaker/Content/Tyler/Materials/M_HealthCross.uexp" 1193
"C:/Users/Tyler/Documents/Unreal Projects/SpireBreaker/Content/Tyler/Blueprints/SM_HealthPack.ubulk" 1194
"C:/Users/Tyler/Documents/Unreal Projects/SpireBreaker/Content/Tyler/Blueprints/SM_HealthPack.uasset" 1195
"C:/Users/Tyler/Documents/Unreal Projects/SpireBreaker/Content/Tyler/Blueprints/SM_HealthPack.uexp" 1196
"C:/Users/Tyler/Documents/Unreal Projects/SpireBreaker/Content/Tyler/Blueprints/BP_HealthPack.uasset" 1197
"C:/Users/Tyler/Documents/Unreal Projects/SpireBreaker/Content/Tyler/Blueprints/BP_HealthPack.uexp" 1198
"C:/Users/Tyler/Documents/Unreal Projects/SpireBreaker/Content/Xavier/Blueprints/BP_CrystalFloor.uasset" 1199
"C:/Users/Tyler/Documents/Unreal Projects/SpireBreaker/Content/Xavier/Blueprints/BP_CrystalFloor.uexp" 1200
"C:/Users/Tyler/Documents/Unreal Projects/SpireBreaker/Content/Xavier/GameWorld.uexp" 1201
"C:/Users/Tyler/Documents/Unreal Projects/SpireBreaker/Content/Xavier/GameWorld.umap" 1202
"../../../Engine/Content/Maps/Entry_BuiltData.uasset" 1203
"../../../Engine/Content/Maps/Entry_BuiltData.uexp" 1204
"../../../Engine/Content/Maps/Entry.uexp" 1205
"../../../Engine/Content/Maps/Entry.umap" 1206
